Branch,Season,Type,Sample,Temp,Turbidity,Colour,pH,Alkalinity,Hardness,Iron,Ammonia,Chloride
Tripureshwor,Spring,Tap water,Treated,25.10,1.10,0.17,7.20,223.00,198.00,0.50,0.29,21.89
Tripureshwor,Spring,Tap water,Treated,26.10,1.20,0.19,8.30,182.00,208.00,0.30,2.61,25.13
Tripureshwor,Spring,Tap water,Treated,26.70,2.10,1.13,7.50,254.00,122.00,0.10,0.82,156.20
Tripureshwor,Spring,Tap water,Treated,27.10,1.70,1.33,7.40,184.00,228.00,0.30,1.31,28.64
Tripureshwor,Spring,Tap water,Treated,28.20,1.80,2.15,7.60,103.00,337.00,0.80,0.89,88.29
Tripureshwor,Spring,Tap water,Treated,29.20,3.50,2.23,7.10,96.00,381.00,0.20,0.68,38.31
Tripureshwor,Spring,Tap water,Treated,27.10,4.10,0.92,8.10,86.00,282.00,0.30,0.71,68.93
Tripureshwor,Spring,Tap water,Treated,29.10,2.20,1.71,8.20,166.00,233.00,0.20,0.36,96.11
Tripureshwor,Spring,Tap water,Treated,28.90,2.30,2.12,7.70,124.00,177.00,0.20,0.46,97.76
Tripureshwor,Spring,Tap water,Treated,27.90,2.40,2.12,6.90,187.00,186.00,0.30,1.56,81.56
Tripureshwor,Spring,Tap water,Treated,25.70,2.50,1.91,6.80,108.00,187.00,0.10,2.31,27.96
Tripureshwor,Spring,Tap water,Treated,28.20,3.20,2.21,7.50,179.00,291.00,0.30,0.61,27.13
Tripureshwor,Spring,Tap water,Treated,26.20,4.20,1.62,7.50,158.00,166.00,0.20,0.57,78.94
Tripureshwor,Spring,Tap water,Treated,28.90,1.20,2.14,7.40,115.00,156.00,0.20,0.46,55.21
Tripureshwor,Spring,Tap water,Treated,26.90,1.40,1.55,7.70,191.00,136.00,0.20,3.20,86.91
Baneshwor,Spring,Tap water,Treated,25.40,1.50,0.76,7.10,108.00,122.00,0.30,0.13,26.81
Baneshwor,Spring,Tap water,Treated,27.90,2.20,0.33,7.60,201.00,211.00,0.30,1.17,25.98
Baneshwor,Spring,Tap water,Treated,28.90,1.60,1.12,7.30,201.00,183.00,0.20,0.46,26.83
Baneshwor,Spring,Tap water,Treated,27.90,1.80,2.19,7.50,101.00,217.00,0.30,0.39,80.94
Baneshwor,Spring,Tap water,Treated,29.10,2.10,1.65,7.50,168.00,172.00,0.20,0.48,85.66
Baneshwor,Spring,Tap water,Treated,28.40,1.10,4.12,7.80,188.00,243.00,0.20,2.15,66.70
Baneshwor,Spring,Tap water,Treated,28.60,1.10,3.22,7.50,242.00,423.00,0.20,0.36,28.64
Baneshwor,Spring,Tap water,Treated,29.50,2.10,1.11,7.50,109.00,238.00,0.10,0.48,24.89
Baneshwor,Spring,Tap water,Treated,26.90,3.10,2.11,7.50,113.00,188.00,0.20,0.38,37.19
Baneshwor,Spring,Tap water,Treated,26.80,1.10,0.18,7.50,102.00,172.00,0.30,0.50,39.24
Baneshwor,Spring,Tap water,Treated,28.30,2.90,0.29,7.80,105.00,185.00,0.40,1.34,28.48
Baneshwor,Spring,Tap water,Treated,28.90,4.30,2.01,6.20,171.00,312.00,0.10,2.20,89.72
Baneshwor,Spring,Tap water,Treated,27.60,2.20,3.33,7.60,106.00,234.00,0.60,2.11,81.92
Baneshwor,Spring,Tap water,Treated,26.80,7.10,5.20,6.80,191.00,322.00,0.30,0.12,87.62
Baneshwor,Spring,Tap water,Treated,29.10,2.80,1.90,6.70,118.00,133.00,0.10,2.11,28.93
Bansbari,Spring,Tap water,Treated,28.60,1.10,0.17,6.80,208.00,192.00,0.10,0.17,16.98
Bansbari,Spring,Tap water,Treated,29.70,2.20,1.11,7.80,208.00,322.00,0.10,2.78,29.32
Bansbari,Spring,Tap water,Treated,28.60,2.90,2.12,8.70,133.00,192.00,0.30,1.41,38.42
Bansbari,Spring,Tap water,Treated,27.50,1.10,1.11,6.80,222.00,243.00,0.40,3.01,28.68
Bansbari,Spring,Tap water,Treated,28.40,1.10,3.21,7.90,217.00,304.00,0.10,0.54,76.16
Bansbari,Spring,Tap water,Treated,29.20,1.90,1.76,7.60,19.00,213.00,0.40,0.65,38.79
Bansbari,Spring,Tap water,Treated,27.30,4.20,1.32,7.70,196.00,29.00,0.20,0.28,97.94
Bansbari,Spring,Tap water,Treated,26.30,2.30,3.22,7.80,207.00,78.00,0.30,0.28,77.91
Bansbari,Spring,Tap water,Treated,26.20,1.10,2.15,7.70,103.00,98.00,0.20,0.02,68.51
Bansbari,Spring,Tap water,Treated,26.80,2.10,4.26,7.10,294.00,371.00,0.40,0.90,81.23
Bansbari,Spring,Tap water,Treated,29.10,3.10,3.22,8.10,197.00,253.00,0.30,0.34,68.62
Bansbari,Spring,Tap water,Treated,29.10,2.10,1.12,7.60,152.00,163.00,0.30,0.18,71.79
Bansbari,Spring,Tap water,Treated,28.20,1.10,2.21,7.50,184.00,199.00,0.20,0.29,66.92
Bansbari,Spring,Tap water,Treated,27.30,6.20,7.21,7.80,332.00,188.00,0.30,2.15,31.13
Bansbari,Spring,Tap water,Treated,28.50,1.40,0.78,7.50,103.00,331.00,0.20,1.81,89.67
Chhetrapati,Spring,Tap water,Treated,27.20,1.90,0.19,7.50,108.00,463.00,0.20,0.35,52.00
Chhetrapati,Spring,Tap water,Treated,29.50,1.20,0.18,6.60,201.00,223.00,0.40,0.98,40.62
Chhetrapati,Spring,Tap water,Treated,28.10,3.10,0.12,8.70,169.00,242.00,0.10,0.81,29.79
Chhetrapati,Spring,Tap water,Treated,27.10,1.50,1.12,6.50,204.00,223.00,0.10,0.84,59.13
Chhetrapati,Spring,Tap water,Treated,29.50,1.10,2.12,7.40,212.00,162.00,0.20,0.41,42.16
Chhetrapati,Spring,Tap water,Treated,28.80,2.10,0.98,7.50,121.00,199.00,0.20,0.61,71.14
Chhetrapati,Spring,Tap water,Treated,28.30,1.90,1.11,7.50,179.00,142.00,0.30,0.41,38.27
Chhetrapati,Spring,Tap water,Treated,29.40,4.20,0.27,7.80,128.00,271.00,0.30,0.56,38.73
Chhetrapati,Spring,Tap water,Treated,28.30,2.10,0.92,6.10,133.00,201.00,0.20,0.29,62.87
Chhetrapati,Spring,Tap water,Treated,29.40,3.20,1.11,7.50,178.00,271.00,0.30,0.93,97.58
Chhetrapati,Spring,Tap water,Treated,27.50,1.20,0.97,8.80,211.00,172.00,0.20,0.22,43.69
Chhetrapati,Spring,Tap water,Treated,28.40,1.50,1.11,8.60,172.00,198.00,0.20,0.31,61.04
Chhetrapati,Spring,Tap water,Treated,28.60,2.10,2.19,6.70,202.00,273.00,0.20,0.62,52.64
Chhetrapati,Spring,Tap water,Treated,27.60,1.90,2.11,6.60,202.00,78.00,0.20,2.21,58.69
Chhetrapati,Spring,Tap water,Treated,28.70,6.80,5.33,6.80,171.00,225.00,0.30,2.17,32.14
Tripureshwor,Spring,Tube-well,Un-treated,24.90,2.80,0.80,6.80,226.00,296.00,1.10,19.74,73.46
Tripureshwor,Spring,Tube-well,Un-treated,24.80,1.90,1.20,7.20,202.00,153.00,0.90,12.54,66.29
Tripureshwor,Spring,Tube-well,Un-treated,25.70,0.10,0.70,8.70,342.00,221.00,0.10,13.14,79.22
Tripureshwor,Spring,Tube-well,Un-treated,25.80,0.30,0.80,6.30,113.00,271.00,0.20,11.01,56.18
Tripureshwor,Spring,Tube-well,Un-treated,26.80,1.10,1.20,6.80,210.00,94.00,1.60,8.22,66.17
Tripureshwor,Spring,Tube-well,Un-treated,24.90,0.90,1.20,7.60,173.00,108.00,0.30,9.21,16.64
Tripureshwor,Spring,Tube-well,Un-treated,28.50,2.10,2.10,8.50,142.00,159.00,0.80,3.83,86.34
Tripureshwor,Spring,Tube-well,Un-treated,28.40,0.70,0.40,8.60,167.00,68.00,1.20,1.66,58.76
Tripureshwor,Spring,Tube-well,Un-treated,25.90,0.20,0.90,6.70,122.00,107.00,0.30,3.21,54.98
Tripureshwor,Spring,Tube-well,Un-treated,28.70,3.10,1.10,7.70,221.00,129.00,0.50,1.38,38.76
Tripureshwor,Spring,Tube-well,Un-treated,28.80,0.40,0.20,8.60,111.00,169.00,1.00,11.48,68.33
Tripureshwor,Spring,Tube-well,Un-treated,28.40,1.10,0.60,7.50,211.00,191.00,0.40,2.16,55.76
Tripureshwor,Spring,Tube-well,Un-treated,29.10,0.90,0.30,6.50,171.00,222.00,0.20,3.86,33.85
Tripureshwor,Spring,Tube-well,Un-treated,29.10,1.10,0.10,8.80,206.00,172.00,0.30,11.03,66.91
Tripureshwor,Spring,Tube-well,Un-treated,26.30,6.10,5.80,8.60,181.00,205.00,0.20,1.61,16.78
Baneshwor,Spring,Tube-well,Un-treated,26.30,3.20,0.60,6.50,180.00,338.00,0.30,33.54,76.68
Baneshwor,Spring,Tube-well,Un-treated,26.80,1.10,1.10,8.70,231.00,283.00,2.10,43.63,87.97
Baneshwor,Spring,Tube-well,Un-treated,27.90,2.10,0.90,8.50,206.00,295.00,1.00,1.09,43.93
Baneshwor,Spring,Tube-well,Un-treated,28.50,4.10,0.60,7.60,279.00,280.00,0.10,1.12,23.21
Baneshwor,Spring,Tube-well,Un-treated,27.40,1.10,0.50,7.50,171.00,220.00,0.40,4.29,62.12
Baneshwor,Spring,Tube-well,Un-treated,26.40,2.10,1.10,6.80,108.00,271.00,0.30,3.59,97.42
Baneshwor,Spring,Tube-well,Un-treated,25.80,2.70,2.10,7.50,192.00,581.00,0.30,1.11,20.11
Baneshwor,Spring,Tube-well,Un-treated,27.40,1.90,1.60,7.70,113.00,163.00,1.00,1.09,43.19
Baneshwor,Spring,Tube-well,Un-treated,26.50,3.30,2.70,7.50,129.00,387.00,1.00,11.43,89.12
Baneshwor,Spring,Tube-well,Un-treated,25.50,2.10,3.20,7.30,209.00,266.00,0.40,6.22,23.12
Baneshwor,Spring,Tube-well,Un-treated,28.10,2.10,1.20,6.80,115.00,291.00,0.30,2.09,61.18
Baneshwor,Spring,Tube-well,Un-treated,27.40,1.20,3.30,6.70,116.00,141.00,0.30,11.90,89.12
Baneshwor,Spring,Tube-well,Un-treated,28.30,3.10,1.50,7.80,128.00,173.00,0.40,3.56,63.27
Baneshwor,Spring,Tube-well,Un-treated,27.90,4.10,2.20,8.50,200.00,179.00,0.30,9.11,73.11
Baneshwor,Spring,Tube-well,Un-treated,28.50,6.50,5.60,6.50,127.00,161.00,1.20,2.98,79.11
Bansbari,Spring,Tube-well,Un-treated,27.60,4.10,0.10,7.60,123.00,274.00,1.20,3.08,69.48
Bansbari,Spring,Tube-well,Un-treated,26.50,1.20,0.30,7.90,161.00,511.00,0.40,4.97,60.52
Bansbari,Spring,Tube-well,Un-treated,23.80,2.10,1.10,7.80,219.00,189.00,1.30,2.05,63.28
Bansbari,Spring,Tube-well,Un-treated,28.60,2.40,0.20,8.60,102.00,194.00,0.60,1.91,66.97
Bansbari,Spring,Tube-well,Un-treated,28.90,1.50,0.30,8.80,136.00,84.00,0.50,15.14,244.56
Bansbari,Spring,Tube-well,Un-treated,28.50,3.50,0.40,8.20,164.00,91.00,0.30,13.17,85.32
Bansbari,Spring,Tube-well,Un-treated,29.40,1.10,1.70,8.20,183.00,114.00,0.10,14.23,92.56
Bansbari,Spring,Tube-well,Un-treated,27.50,2.10,0.80,6.60,221.00,74.00,0.30,23.60,255.10
Bansbari,Spring,Tube-well,Un-treated,26.80,0.10,0.50,6.70,267.00,172.00,0.30,4.30,46.76
Bansbari,Spring,Tube-well,Un-treated,27.50,0.20,0.50,6.60,236.00,173.00,1.30,18.12,51.23
Bansbari,Spring,Tube-well,Un-treated,28.50,0.30,0.70,7.60,122.00,126.00,2.00,10.12,19.87
Bansbari,Spring,Tube-well,Un-treated,29.10,0.50,1.10,7.30,211.00,121.00,0.20,8.10,10.19
Bansbari,Spring,Tube-well,Un-treated,25.40,1.10,2.10,6.70,111.00,187.00,0.20,11.01,44.12
Bansbari,Spring,Tube-well,Un-treated,26.60,7.10,6.10,8.50,211.00,280.00,1.00,7.11,24.12
Bansbari,Spring,Tube-well,Un-treated,27.90,0.20,1.10,8.60,189.00,232.00,0.80,18.11,20.13
Chhetrapati,Spring,Tube-well,Un-treated,28.10,2.20,0.10,7.50,201.00,128.00,1.00,15.43,53.97
Chhetrapati,Spring,Tube-well,Un-treated,25.90,3.20,0.40,6.80,221.00,211.00,0.20,14.58,71.89
Chhetrapati,Spring,Tube-well,Un-treated,29.20,4.20,1.10,8.60,104.00,210.00,0.60,12.07,78.64
Chhetrapati,Spring,Tube-well,Un-treated,28.30,1.10,2.10,7.50,244.00,370.00,0.30,21.23,82.31
Chhetrapati,Spring,Tube-well,Un-treated,27.30,2.10,0.50,7.60,194.00,253.00,0.30,25.18,33.55
Chhetrapati,Spring,Tube-well,Un-treated,26.70,2.20,1.90,8.70,81.00,162.00,1.30,29.90,42.87
Chhetrapati,Spring,Tube-well,Un-treated,29.80,1.10,2.10,7.30,222.00,121.00,0.90,27.60,70.61
Chhetrapati,Spring,Tube-well,Un-treated,29.40,4.10,0.90,7.80,289.00,170.00,2.20,20.10,70.34
Chhetrapati,Spring,Tube-well,Un-treated,26.80,1.10,0.80,7.50,140.00,121.00,0.10,31.44,54.63
Chhetrapati,Spring,Tube-well,Un-treated,29.40,2.10,1.20,6.50,113.00,91.00,1.40,26.89,78.12
Chhetrapati,Spring,Tube-well,Un-treated,26.40,2.10,2.10,6.90,215.00,61.00,0.20,21.12,67.67
Chhetrapati,Spring,Tube-well,Un-treated,27.30,3.30,0.60,6.50,114.00,131.00,0.10,0.19,63.89
Chhetrapati,Spring,Tube-well,Un-treated,26.50,7.10,6.50,5.80,125.00,111.00,0.20,0.39,64.38
Chhetrapati,Spring,Tube-well,Un-treated,26.60,1.10,0.80,8.70,121.00,182.00,0.40,0.91,67.90
Chhetrapati,Spring,Tube-well,Un-treated,25.50,2.10,1.10,6.50,210.00,126.00,0.20,20.47,50.89
Tripureshwor,Spring,Dug well,Un-treated,25.50,3.20,2.10,8.60,163.00,318.00,0.60,10.32,63.92
Tripureshwor,Spring,Dug well,Un-treated,29.10,1.20,0.40,7.60,147.00,410.00,1.00,3.04,51.93
Tripureshwor,Spring,Dug well,Un-treated,29.40,2.10,0.90,6.60,127.00,502.00,2.00,11.04,76.91
Tripureshwor,Spring,Dug well,Un-treated,28.50,1.10,1.80,8.70,222.00,592.00,0.60,117.80,61.41
Tripureshwor,Spring,Dug well,Un-treated,29.70,2.10,0.60,8.40,86.00,301.00,0.20,23.12,76.12
Tripureshwor,Spring,Dug well,Un-treated,28.30,2.10,0.40,8.60,818.00,285.00,1.30,13.01,88.70
Tripureshwor,Spring,Dug well,Un-treated,27.50,4.10,3.20,8.60,293.00,310.00,2.00,12.98,34.73
Tripureshwor,Spring,Dug well,Un-treated,28.50,2.40,4.30,6.70,172.00,288.00,0.20,123.53,33.91
Tripureshwor,Spring,Dug well,Un-treated,29.50,2.20,2.20,8.50,166.00,194.00,1.00,11.20,55.94
Tripureshwor,Spring,Dug well,Un-treated,28.50,1.20,3.40,8.60,209.00,179.00,0.20,188.05,45.66
Tripureshwor,Spring,Dug well,Un-treated,26.40,3.10,2.30,6.60,119.00,138.00,2.00,0.22,64.21
Tripureshwor,Spring,Dug well,Un-treated,25.80,2.50,4.30,7.70,1181.00,166.00,0.30,11.80,55.32
Tripureshwor,Spring,Dug well,Un-treated,28.40,1.20,1.20,5.80,198.00,131.00,2.10,2.12,77.33
Tripureshwor,Spring,Dug well,Un-treated,27.40,6.70,7.10,6.60,293.00,154.00,0.00,2.13,133.98
Tripureshwor,Spring,Dug well,Un-treated,28.20,6.90,7.80,8.30,280.00,513.00,3.00,1.15,251.90
Baneshwor,Spring,Dug well,Un-treated,27.60,3.20,2.30,7.30,201.00,521.00,0.40,12.32,81.61
Baneshwor,Spring,Dug well,Un-treated,27.50,2.70,1.20,8.60,157.00,179.00,0.10,96.31,71.20
Baneshwor,Spring,Dug well,Un-treated,26.90,2.80,2.10,6.20,183.00,179.00,1.30,7.12,146.44
Baneshwor,Spring,Dug well,Un-treated,25.70,1.30,1.20,7.60,1095.00,199.00,2.30,13.13,50.42
Baneshwor,Spring,Dug well,Un-treated,26.50,4.30,3.10,7.30,187.00,178.00,1.00,0.18,59.12
Baneshwor,Spring,Dug well,Un-treated,27.60,2.30,1.20,7.40,162.00,196.00,1.30,11.16,56.73
Baneshwor,Spring,Dug well,Un-treated,27.50,5.70,6.50,8.60,175.00,175.00,0.50,19.19,78.33
Baneshwor,Spring,Dug well,Un-treated,26.80,2.90,1.90,8.70,261.00,597.00,0.20,7.81,73.44
Baneshwor,Spring,Dug well,Un-treated,28.90,1.90,2.10,8.60,238.00,186.00,0.40,17.19,89.11
Baneshwor,Spring,Dug well,Un-treated,28.60,7.20,6.30,8.50,179.00,284.00,0.30,12.16,65.23
Baneshwor,Spring,Dug well,Un-treated,29.70,1.30,1.20,8.40,136.00,179.00,1.00,17.75,69.36
Baneshwor,Spring,Dug well,Un-treated,28.60,3.30,2.20,6.30,198.00,197.00,1.00,11.38,66.81
Baneshwor,Spring,Dug well,Un-treated,26.50,2.90,2.20,8.10,201.00,183.00,0.20,112.51,79.33
Baneshwor,Spring,Dug well,Un-treated,26.50,7.30,6.10,7.60,208.00,152.00,0.40,172.33,67.11
Baneshwor,Spring,Dug well,Un-treated,27.90,1.90,1.20,7.70,241.00,169.00,2.00,149.77,260.12
Bansbari,Spring,Dug well,Un-treated,26.60,2.30,1.11,7.70,204.00,208.00,0.70,56.65,86.62
Bansbari,Spring,Dug well,Un-treated,27.60,1.20,2.12,6.60,240.00,347.00,1.00,49.07,67.98
Bansbari,Spring,Dug well,Un-treated,25.50,4.20,3.21,8.70,251.00,121.00,3.20,42.98,75.53
Bansbari,Spring,Dug well,Un-treated,27.50,1.30,2.21,8.60,119.00,266.00,0.10,36.36,65.68
Bansbari,Spring,Dug well,Un-treated,28.50,2.20,1.02,7.80,134.00,571.00,3.10,11.08,67.18
Bansbari,Spring,Dug well,Un-treated,25.90,4.10,2.21,8.60,169.00,312.00,0.10,11.13,23.58
Bansbari,Spring,Dug well,Un-treated,28.90,1.10,1.09,6.60,240.00,268.00,0.30,0.04,56.64
Bansbari,Spring,Dug well,Un-treated,27.60,2.20,2.08,7.20,108.00,492.00,0.30,7.06,64.44
Bansbari,Spring,Dug well,Un-treated,27.40,2.80,1.20,7.80,291.00,251.00,0.20,4.33,50.83
Bansbari,Spring,Dug well,Un-treated,25.40,3.10,2.20,7.80,201.00,238.00,0.20,9.04,75.71
Bansbari,Spring,Dug well,Un-treated,29.70,7.40,6.70,7.40,121.00,159.00,0.30,11.42,66.95
Bansbari,Spring,Dug well,Un-treated,27.50,2.20,1.20,8.60,149.00,218.00,0.10,13.32,66.65
Bansbari,Spring,Dug well,Un-treated,29.30,1.20,1.10,7.80,231.00,251.00,2.00,0.84,77.66
Bansbari,Spring,Dug well,Un-treated,28.50,5.50,6.10,8.60,211.00,341.00,3.20,2.01,67.82
Bansbari,Spring,Dug well,Un-treated,25.90,1.40,1.20,6.60,114.00,591.00,1.00,0.01,65.16
Chhetrapati,Spring,Dug well,Un-treated,25.90,2.90,1.09,7.00,283.00,278.00,1.00,8.64,76.69
Chhetrapati,Spring,Dug well,Un-treated,25.90,1.30,2.11,8.80,191.00,585.00,0.30,21.93,54.68
Chhetrapati,Spring,Dug well,Un-treated,29.50,2.20,2.04,7.10,169.00,361.00,1.10,13.11,61.67
Chhetrapati,Spring,Dug well,Un-treated,28.50,3.10,1.23,6.40,72.00,595.00,1.10,19.42,76.98
Chhetrapati,Spring,Dug well,Un-treated,25.40,2.60,2.23,8.70,91.00,342.00,0.10,42.58,80.12
Chhetrapati,Spring,Dug well,Un-treated,27.80,2.90,3.12,6.20,213.00,232.00,0.30,76.35,91.98
Chhetrapati,Spring,Dug well,Un-treated,29.40,3.80,2.12,6.20,1163.00,211.00,0.40,112.35,77.94
Chhetrapati,Spring,Dug well,Un-treated,29.70,1.20,2.11,6.30,563.00,162.00,0.30,26.12,88.14
Chhetrapati,Spring,Dug well,Un-treated,28.50,3.20,3.14,7.50,163.00,591.00,2.00,75.53,79.90
Chhetrapati,Spring,Dug well,Un-treated,25.70,2.10,2.21,6.40,163.00,176.00,0.30,116.16,75.90
Chhetrapati,Spring,Dug well,Un-treated,26.50,3.20,2.08,5.90,149.00,393.00,2.30,56.31,86.54
Chhetrapati,Spring,Dug well,Un-treated,26.70,4.20,3.20,6.60,163.00,261.00,1.20,11.15,48.98
Chhetrapati,Spring,Dug well,Un-treated,25.90,5.70,6.15,7.60,199.00,180.00,1.10,2.87,74.10
Chhetrapati,Spring,Dug well,Un-treated,28.90,6.70,7.12,7.90,179.00,190.00,1.00,7.64,55.72
Chhetrapati,Spring,Dug well,Un-treated,29.30,1.20,1.40,6.60,153.00,67.00,1.10,24.51,57.45
Tripureshwor,Summer,Tap water,Treated,28.40,1.90,0.12,8.10,80.00,88.00,0.30,0.14,12.04
Tripureshwor,Summer,Tap water,Treated,27.90,1.20,0.18,8.10,97.00,89.00,0.50,0.13,8.05
Tripureshwor,Summer,Tap water,Treated,30.20,1.50,1.11,8.30,87.00,87.00,0.10,0.24,10.03
Tripureshwor,Summer,Tap water,Treated,29.90,1.20,2.10,8.60,93.00,93.00,0.10,0.13,16.02
Tripureshwor,Summer,Tap water,Treated,28.20,2.10,3.13,8.40,98.00,93.00,0.10,0.14,82.03
Tripureshwor,Summer,Tap water,Treated,29.90,1.80,1.24,8.50,257.00,84.00,0.40,3.76,83.10
Tripureshwor,Summer,Tap water,Treated,27.80,3.20,0.33,7.80,81.00,79.00,0.10,2.57,12.01
Tripureshwor,Summer,Tap water,Treated,28.90,2.10,3.32,8.10,83.00,81.00,0.10,0.11,13.01
Tripureshwor,Summer,Tap water,Treated,29.10,1.20,1.55,8.30,81.00,83.00,0.00,0.13,13.01
Tripureshwor,Summer,Tap water,Treated,28.60,1.30,0.09,7.70,79.00,83.00,0.50,0.11,75.01
Tripureshwor,Summer,Tap water,Treated,29.30,5.20,5.61,8.80,92.00,84.00,0.30,0.34,76.01
Tripureshwor,Summer,Tap water,Treated,28.80,2.30,0.92,8.30,91.00,91.00,0.00,2.14,73.01
Tripureshwor,Summer,Tap water,Treated,29.10,1.10,0.22,8.10,81.00,90.00,0.00,3.14,8.10
Tripureshwor,Summer,Tap water,Treated,27.80,4.10,1.20,8.20,88.00,92.00,0.00,0.12,8.13
Tripureshwor,Summer,Tap water,Treated,28.70,2.10,2.10,8.80,93.00,93.00,0.00,0.12,9.10
Baneshwor,Summer,Tap water,Treated,28.90,2.10,0.92,8.60,550.00,99.00,0.30,5.60,12.50
Baneshwor,Summer,Tap water,Treated,27.60,1.20,0.19,8.30,600.00,350.00,0.00,4.90,15.12
Baneshwor,Summer,Tap water,Treated,29.10,1.20,1.11,7.90,921.00,321.00,0.00,0.89,18.12
Baneshwor,Summer,Tap water,Treated,27.60,1.90,2.11,8.60,1010.00,396.00,0.90,5.10,82.10
Baneshwor,Summer,Tap water,Treated,28.40,3.30,0.16,8.70,1122.00,49.00,0.90,0.14,80.10
Baneshwor,Summer,Tap water,Treated,28.90,1.10,0.17,8.10,84.00,86.00,0.10,0.32,63.40
Baneshwor,Summer,Tap water,Treated,29.60,4.10,1.19,8.20,92.00,75.00,0.20,3.76,14.32
Baneshwor,Summer,Tap water,Treated,30.30,2.10,0.29,8.00,96.00,331.00,0.10,3.86,16.02
Baneshwor,Summer,Tap water,Treated,28.20,3.10,0.56,8.10,84.00,401.00,0.50,4.12,18.12
Baneshwor,Summer,Tap water,Treated,29.30,1.90,3.12,8.90,92.00,333.00,0.70,0.01,7.02
Baneshwor,Summer,Tap water,Treated,29.10,3.10,0.98,8.60,93.00,301.00,0.10,0.76,7.02
Baneshwor,Summer,Tap water,Treated,30.20,2.10,0.12,8.30,1001.00,209.00,0.40,0.11,8.02
Baneshwor,Summer,Tap water,Treated,28.90,3.30,1.03,8.10,206.00,101.00,0.10,0.72,12.02
Baneshwor,Summer,Tap water,Treated,27.80,1.10,1.07,8.30,309.00,310.00,0.30,0.24,14.03
Baneshwor,Summer,Tap water,Treated,30.20,4.10,2.10,7.60,118.00,451.00,0.10,0.30,16.08
Bansbari,Summer,Tap water,Treated,28.50,1.10,0.19,8.20,215.00,98.00,0.30,0.06,98.10
Bansbari,Summer,Tap water,Treated,30.20,2.10,0.45,7.60,301.00,88.00,0.50,0.14,97.13
Bansbari,Summer,Tap water,Treated,30.20,1.20,1.99,8.30,80.00,318.00,0.50,0.24,18.12
Bansbari,Summer,Tap water,Treated,29.40,0.90,1.12,8.00,98.00,216.00,0.10,0.32,19.14
Bansbari,Summer,Tap water,Treated,29.30,1.10,0.98,8.60,76.00,116.00,0.00,0.42,21.28
Bansbari,Summer,Tap water,Treated,27.90,0.70,0.87,8.50,80.00,192.00,0.40,0.12,32.42
Bansbari,Summer,Tap water,Treated,28.40,2.10,2.11,8.10,301.00,91.00,0.10,0.07,30.41
Bansbari,Summer,Tap water,Treated,29.30,3.10,2.23,7.90,97.00,87.00,0.10,0.03,31.42
Bansbari,Summer,Tap water,Treated,30.20,4.30,1.45,7.80,86.00,88.00,0.10,0.04,10.12
Bansbari,Summer,Tap water,Treated,32.20,1.20,0.15,6.50,81.00,83.00,0.40,0.04,12.14
Bansbari,Summer,Tap water,Treated,29.30,2.10,0.93,6.30,93.00,96.00,0.50,0.12,13.18
Bansbari,Summer,Tap water,Treated,29.30,1.10,3.12,5.40,94.00,121.00,0.00,0.08,14.18
Bansbari,Summer,Tap water,Treated,28.40,0.90,2.13,8.10,81.00,301.00,0.00,0.06,16.19
Bansbari,Summer,Tap water,Treated,29.70,1.20,1.24,8.30,80.00,81.00,0.10,0.07,27.18
Bansbari,Summer,Tap water,Treated,30.10,0.90,2.11,8.40,83.00,92.00,0.00,0.81,20.11
Chhetrapati,Summer,Tap water,Treated,28.70,2.00,0.09,7.20,46.00,84.00,0.10,0.14,8.76
Chhetrapati,Summer,Tap water,Treated,29.20,1.90,1.22,7.60,42.00,96.00,0.10,0.17,8.73
Chhetrapati,Summer,Tap water,Treated,28.40,2.10,0.45,7.40,32.00,73.00,0.10,0.36,7.54
Chhetrapati,Summer,Tap water,Treated,29.30,1.40,0.09,7.30,33.00,63.00,0.10,3.06,7.56
Chhetrapati,Summer,Tap water,Treated,28.60,3.20,0.23,7.40,36.00,83.00,0.20,0.01,7.26
Chhetrapati,Summer,Tap water,Treated,29.30,1.20,2.30,7.50,80.00,74.00,0.40,0.02,12.16
Chhetrapati,Summer,Tap water,Treated,29.30,1.80,1.12,6.50,49.00,56.00,0.90,0.02,9.29
Chhetrapati,Summer,Tap water,Treated,29.40,1.90,0.29,8.60,140.00,172.00,0.20,2.11,8.11
Chhetrapati,Summer,Tap water,Treated,30.20,1.20,1.33,7.40,20.00,81.00,0.10,0.02,18.12
Chhetrapati,Summer,Tap water,Treated,31.30,1.60,1.91,6.80,38.00,76.00,0.10,0.01,18.01
Chhetrapati,Summer,Tap water,Treated,29.30,2.10,0.67,6.30,31.00,69.00,0.20,0.01,7.63
Chhetrapati,Summer,Tap water,Treated,29.30,3.20,0.89,7.20,30.00,63.00,0.10,0.02,7.53
Chhetrapati,Summer,Tap water,Treated,29.30,1.90,0.35,7.80,35.00,53.00,0.30,0.01,9.43
Chhetrapati,Summer,Tap water,Treated,30.20,2.10,0.78,7.80,28.00,63.00,0.40,0.01,7.56
Chhetrapati,Summer,Tap water,Treated,28.60,6.10,0.93,7.30,20.00,66.00,0.40,0.02,7.01
Tripureshwor,Summer,Tube-well,Un-treated,28.90,2.10,0.54,8.10,228.00,347.00,2.00,129.00,58.01
Tripureshwor,Summer,Tube-well,Un-treated,28.60,3.10,1.23,8.30,221.00,246.00,2.00,121.00,56.01
Tripureshwor,Summer,Tube-well,Un-treated,29.40,2.10,0.31,8.60,178.00,309.00,2.50,191.00,61.52
Tripureshwor,Summer,Tube-well,Un-treated,27.40,4.10,1.23,8.40,98.00,344.00,3.40,3.04,63.20
Tripureshwor,Summer,Tube-well,Un-treated,30.20,6.20,5.12,8.50,129.00,358.00,3.50,10.01,58.01
Tripureshwor,Summer,Tube-well,Un-treated,29.90,1.60,4.32,8.40,201.00,356.00,2.00,3.05,62.01
Tripureshwor,Summer,Tube-well,Un-treated,31.30,3.10,2.12,8.30,209.00,316.00,2.00,9.88,73.01
Tripureshwor,Summer,Tube-well,Un-treated,29.10,1.20,3.23,7.50,342.00,325.00,3.00,12.11,78.10
Tripureshwor,Summer,Tube-well,Un-treated,27.80,2.30,1.23,7.90,301.00,314.00,3.00,12.15,65.02
Tripureshwor,Summer,Tube-well,Un-treated,30.10,1.40,0.98,8.30,206.00,398.00,3.00,19.01,58.02
Tripureshwor,Summer,Tube-well,Un-treated,29.40,3.60,0.24,7.20,92.00,201.00,2.00,3.02,60.01
Tripureshwor,Summer,Tube-well,Un-treated,28.30,1.20,1.34,7.30,301.00,320.00,1.10,3.08,58.02
Tripureshwor,Summer,Tube-well,Un-treated,28.30,2.30,2.33,8.10,201.00,128.00,2.90,6.01,69.01
Tripureshwor,Summer,Tube-well,Un-treated,29.40,6.40,5.63,7.30,102.00,301.00,3.00,6.01,72.01
Tripureshwor,Summer,Tube-well,Un-treated,29.40,3.40,2.31,7.90,302.00,298.00,3.00,3.20,70.01
Baneshwor,Summer,Tube-well,Un-treated,28.90,2.30,0.23,8.60,98.00,578.00,4.20,5.40,65.01
Baneshwor,Summer,Tube-well,Un-treated,30.20,2.50,0.78,8.60,921.00,601.00,4.10,6.01,68.01
Baneshwor,Summer,Tube-well,Un-treated,29.90,1.30,1.12,8.60,928.00,83.00,"2,90",10.91,71.23
Baneshwor,Summer,Tube-well,Un-treated,28.90,2.30,0.98,8.60,1112.00,402.00,2.40,9.99,91.03
Baneshwor,Summer,Tube-well,Un-treated,27.80,4.50,1.23,8.60,1116.00,561.00,3.50,6.11,53.01
Baneshwor,Summer,Tube-well,Un-treated,30.10,6.90,7.12,8.60,920.00,633.00,5.50,10.93,69.01
Baneshwor,Summer,Tube-well,Un-treated,30.30,1.20,0.89,8.60,911.00,84.00,5.40,3.02,73.01
Baneshwor,Summer,Tube-well,Un-treated,29.40,3.40,0.78,8.60,87.00,137.00,5.30,5.01,63.20
Baneshwor,Summer,Tube-well,Un-treated,28.70,2.50,0.56,8.60,90.00,144.00,4.10,6.02,63.93
Baneshwor,Summer,Tube-well,Un-treated,30.20,3.20,1.23,8.60,99.00,192.00,2.30,7.02,44.02
Baneshwor,Summer,Tube-well,Un-treated,30.30,1.20,2.12,8.60,111.00,606.00,3.10,8.01,58.02
Baneshwor,Summer,Tube-well,Un-treated,29.30,1.30,2.13,8.60,60.00,554.00,2.00,3.02,56.02
Baneshwor,Summer,Tube-well,Un-treated,28.30,2.40,0.12,8.60,84.00,352.00,2.10,3.08,71.04
Baneshwor,Summer,Tube-well,Un-treated,30.30,2.10,0.33,8.60,92.00,456.00,2.10,4.11,81.03
Baneshwor,Summer,Tube-well,Un-treated,29.80,1.20,0.89,8.60,82.00,567.00,2.10,3.11,92.02
Bansbari,Summer,Tube-well,Un-treated,28.10,2.80,0.90,8.30,1214.00,554.00,3.00,130.11,70.41
Bansbari,Summer,Tube-well,Un-treated,29.90,2.30,0.20,8.60,1135.00,454.00,3.60,95.11,80.53
Bansbari,Summer,Tube-well,Un-treated,30.20,1.90,0.70,8.40,1011.00,366.00,3.00,90.11,91.11
Bansbari,Summer,Tube-well,Un-treated,28.10,1.50,1.10,6.50,87.00,70.00,3.20,15.01,96.12
Bansbari,Summer,Tube-well,Un-treated,29.80,3.20,2.10,7.00,137.00,75.00,2.00,10.10,76.11
Bansbari,Summer,Tube-well,Un-treated,28.70,2.90,2.30,8.40,901.00,431.00,2.20,3.04,61.12
Bansbari,Summer,Tube-well,Un-treated,29.90,2.70,0.80,8.60,139.00,92.00,2.50,6.56,91.11
Bansbari,Summer,Tube-well,Un-treated,28.80,2.10,0.30,8.00,1241.00,444.00,2.30,5.64,98.19
Bansbari,Summer,Tube-well,Un-treated,29.80,6.80,5.90,8.10,1112.00,361.00,2.30,8.30,90.11
Bansbari,Summer,Tube-well,Un-treated,29.10,2.30,1.50,7.60,811.00,321.00,2.90,4.56,80.11
Bansbari,Summer,Tube-well,Un-treated,30.10,2.20,0.10,8.60,89.00,81.00,3.10,6.51,91.02
Bansbari,Summer,Tube-well,Un-treated,27.90,1.50,0.90,8.70,91.00,70.00,4.00,7.11,93.01
Bansbari,Summer,Tube-well,Un-treated,28.50,3.30,0.70,8.60,103.00,86.00,4.10,3.44,94.11
Bansbari,Summer,Tube-well,Un-treated,30.20,3.70,1.10,8.60,101.00,83.00,4.00,4.41,91.22
Bansbari,Summer,Tube-well,Un-treated,28.40,4.70,0.60,8.90,196.00,96.00,2.80,3.20,93.01
Chhetrapati,Summer,Tube-well,Un-treated,29.80,2.10,0.10,8.70,139.00,550.00,3.30,129.00,56.02
Chhetrapati,Summer,Tube-well,Un-treated,29.80,3.10,0.90,8.10,173.00,170.00,3.40,111.00,57.01
Chhetrapati,Summer,Tube-well,Un-treated,28.90,1.20,0.30,8.00,144.00,201.00,2.40,3.04,63.01
Chhetrapati,Summer,Tube-well,Un-treated,30.40,2.10,1.20,8.60,187.00,178.00,2.50,3.08,71.01
Chhetrapati,Summer,Tube-well,Un-treated,29.80,3.20,2.10,8.50,1110.00,192.00,2.30,10.11,61.01
Chhetrapati,Summer,Tube-well,Un-treated,28.60,1.10,0.90,8.30,187.00,182.00,2.40,12.04,58.63
Chhetrapati,Summer,Tube-well,Un-treated,28.50,2.20,0.80,5.50,1101.00,132.00,2.40,11.01,68.01
Chhetrapati,Summer,Tube-well,Un-treated,30.10,1.50,1.90,6.50,181.00,144.00,3.00,9.10,70.02
Chhetrapati,Summer,Tube-well,Un-treated,29.20,5.40,2.10,7.50,183.00,156.00,3.10,12.30,10.05
Chhetrapati,Summer,Tube-well,Un-treated,28.10,2.20,0.40,7.80,191.00,197.00,0.60,113.00,6.01
Chhetrapati,Summer,Tube-well,Un-treated,27.90,1.30,0.10,8.90,237.00,113.00,0.70,12.04,72.02
Chhetrapati,Summer,Tube-well,Un-treated,28.90,3.20,2.10,8.00,333.00,514.00,0.80,13.05,68.01
Chhetrapati,Summer,Tube-well,Un-treated,30.20,1.20,1.30,8.10,149.00,139.00,2.10,13.05,70.01
Chhetrapati,Summer,Tube-well,Un-treated,29.80,3.20,1.40,8.30,137.00,441.00,1.80,180.00,85.01
Chhetrapati,Summer,Tube-well,Un-treated,30.40,6.40,5.40,8.60,56.00,87.00,3.00,190.00,91.03
Tripureshwor,Summer,Dug well,Un-treated,30.40,2.80,0.30,8.60,1151.00,542.00,3.00,125.00,79.00
Tripureshwor,Summer,Dug well,Un-treated,29.50,2.90,1.10,8.50,137.00,443.00,3.10,133.00,80.00
Tripureshwor,Summer,Dug well,Un-treated,28.40,2.30,0.50,8.30,402.00,421.00,3.00,140.00,52.00
Tripureshwor,Summer,Dug well,Un-treated,30.20,2.10,2.20,8.70,321.00,70.00,2.00,10.01,14.00
Tripureshwor,Summer,Dug well,Un-treated,28.50,2.60,0.40,6.50,192.00,81.00,2.00,3.01,61.00
Tripureshwor,Summer,Dug well,Un-treated,29.40,1.90,0.90,8.60,198.00,93.00,0.40,3.80,63.00
Tripureshwor,Summer,Dug well,Un-treated,28.60,3.20,0.50,8.00,192.00,411.00,1.00,15.10,69.00
Tripureshwor,Summer,Dug well,Un-treated,27.80,2.40,1.20,8.10,171.00,223.00,2.20,113.00,52.00
Tripureshwor,Summer,Dug well,Un-treated,29.40,4.10,2.20,8.30,277.00,132.00,2.60,92.00,63.00
Tripureshwor,Summer,Dug well,Un-treated,28.90,2.60,1.20,8.40,311.00,142.00,3.00,3.04,42.00
Tripureshwor,Summer,Dug well,Un-treated,29.80,6.50,7.80,8.60,298.00,152.00,1.10,33.10,14.00
Tripureshwor,Summer,Dug well,Un-treated,27.80,4.20,3.60,8.70,87.00,301.00,1.30,15.01,22.00
Tripureshwor,Summer,Dug well,Un-treated,30.10,2.30,1.30,8.90,98.00,101.00,3.00,4.01,61.00
Tripureshwor,Summer,Dug well,Un-treated,30.50,1.30,3.10,8.80,102.00,89.00,0.40,4.03,61.00
Tripureshwor,Summer,Dug well,Un-treated,30.20,2.30,0.90,8.70,300.00,92.00,2.30,6.01,29.00
Baneshwor,Summer,Dug well,Un-treated,29.70,2.20,2.12,8.20,1011.00,70.00,3.00,129.00,62.39
Baneshwor,Summer,Dug well,Un-treated,28.50,2.40,3.42,8.60,140.00,84.00,3.10,130.00,63.11
Baneshwor,Summer,Dug well,Un-treated,30.20,1.30,1.24,8..6,137.00,89.00,3.00,111.00,64.12
Baneshwor,Summer,Dug well,Un-treated,28.90,2.50,3.21,8.70,87.00,137.00,2.50,187.00,58.11
Baneshwor,Summer,Dug well,Un-treated,30.20,6.20,5.74,8.70,52.00,84.00,0.50,192.00,59.11
Baneshwor,Summer,Dug well,Un-treated,29.40,2.10,1.09,8.60,92.00,72.00,0.60,92.00,56.11
Baneshwor,Summer,Dug well,Un-treated,29.60,4.20,2.19,8.70,806.00,56.00,0.40,81.00,54.11
Baneshwor,Summer,Dug well,Un-treated,28.50,1.20,2.29,8.80,702.00,89.00,1.00,110.00,59.11
Baneshwor,Summer,Dug well,Un-treated,29.80,3.20,1.03,8.90,720.00,501.00,1.00,139.00,54.26
Baneshwor,Summer,Dug well,Un-treated,30.10,1.20,2.21,6.70,929.00,106.00,2.60,144.00,53.11
Baneshwor,Summer,Dug well,Un-treated,29.80,15.31,12.12,8.70,823.00,301.00,3.00,159.00,54.11
Baneshwor,Summer,Dug well,Un-treated,28.80,2.20,1.32,8.60,726.00,309.00,3.10,3.04,53.20
Baneshwor,Summer,Dug well,Un-treated,29.10,2.40,1.11,8.80,52.00,206.00,2.60,8.04,51.11
Baneshwor,Summer,Dug well,Un-treated,30.50,2.50,2.22,8.90,94.00,504.00,2.10,7.02,51.11
Baneshwor,Summer,Dug well,Un-treated,31.10,2.30,1.34,8.40,113.00,501.00,2.10,7.01,51.20
Bansbari,Summer,Dug well,Un-treated,30.40,2.90,1.02,8.60,1123.00,542.00,4.10,122.10,69.10
Bansbari,Summer,Dug well,Un-treated,28.90,3.10,2.68,8.70,984.00,96.00,4.10,112.12,72.19
Bansbari,Summer,Dug well,Un-treated,29.50,4.10,0.98,8.10,981.00,501.00,4.00,102.10,59.11
Bansbari,Summer,Dug well,Un-treated,28.70,1.20,1.58,8.60,1012.00,522.00,2.20,92.10,63.18
Bansbari,Summer,Dug well,Un-treated,29.50,2.70,2.97,8.00,192.00,501.00,3.00,3.02,79.14
Bansbari,Summer,Dug well,Un-treated,30.10,2.20,3.29,7.50,139.00,96.00,1.40,3.17,60.84
Bansbari,Summer,Dug well,Un-treated,29.40,2.30,1.34,6.40,186.00,91.00,3.10,10.98,59.84
Bansbari,Summer,Dug well,Un-treated,30.10,11.20,9.98,7.30,191.00,101.00,4.10,19.11,61.89
Bansbari,Summer,Dug well,Un-treated,29.80,2.20,1.22,8.10,156.00,109.00,1.20,21.10,70.82
Bansbari,Summer,Dug well,Un-treated,30.10,1.80,2.22,8.60,144.00,84.00,2.20,33.10,80.41
Bansbari,Summer,Dug well,Un-treated,29.70,2.90,3.13,8.90,1011.00,70.00,2.40,14.19,92.22
Bansbari,Summer,Dug well,Un-treated,28.30,1.80,1.21,7.10,191.00,96.00,2.90,44.01,92.11
Bansbari,Summer,Dug well,Un-treated,30.20,2.30,2.34,6.90,302.00,91.00,2.30,56.10,61.12
Bansbari,Summer,Dug well,Un-treated,29.30,5.90,6.30,8.10,301.00,81.00,2.40,51.10,79.11
Bansbari,Summer,Dug well,Un-treated,29.80,1.20,1.30,8.90,1056.00,69.00,2.10,52.10,81.22
Chhetrapati,Summer,Dug well,Un-treated,30.10,2.80,1.11,8.00,1156.00,54.00,3.50,129.10,61.09
Chhetrapati,Summer,Dug well,Un-treated,29.30,3.10,1.09,8.10,135.00,456.00,3.10,10.10,63.04
Chhetrapati,Summer,Dug well,Un-treated,28.40,4.20,2.12,8.60,236.00,312.00,2.20,3.04,61.06
Chhetrapati,Summer,Dug well,Un-treated,28.90,2.10,2.13,7.90,87.00,512.00,3.10,3.04,58.56
Chhetrapati,Summer,Dug well,Un-treated,27.70,1.20,4.12,8.60,911.00,544.00,2.30,4.01,59.01
Chhetrapati,Summer,Dug well,Un-treated,30.20,16.10,12.11,5.50,87.00,594.00,2.10,4.05,61.13
Chhetrapati,Summer,Dug well,Un-treated,29.30,2.10,2.21,7.50,139.00,578.00,2.30,3.10,63.10
Chhetrapati,Summer,Dug well,Un-treated,29.70,1.60,2.22,8.80,144.00,567.00,3.10,3.12,62.01
Chhetrapati,Summer,Dug well,Un-treated,28.90,1.20,2.98,8.00,211.00,589.00,1.40,4.11,72.01
Chhetrapati,Summer,Dug well,Un-treated,30.90,2.20,1.09,8.10,111.00,544.00,3.10,3.19,73.10
Chhetrapati,Summer,Dug well,Un-treated,28.90,3.20,2.22,8.50,310.00,566.00,3.20,4.10,60.12
Chhetrapati,Summer,Dug well,Un-treated,30.70,4.50,3.33,8.00,710.00,677.00,3.00,5.04,63.01
Chhetrapati,Summer,Dug well,Un-treated,29.40,7.10,6.33,8.20,812.00,588.00,3.10,6.21,59.01
Chhetrapati,Summer,Dug well,Un-treated,28.80,1.20,1.22,8.30,115.00,582.00,1.20,3.20,60.11
Chhetrapati,Summer,Dug well,Un-treated,29.40,2.20,2.56,8.90,123.00,532.00,3.10,3.19,63.02
Tripureshwor,Winter,Tap water,Treated,20.10,2.00,1.20,8.10,80.00,98.00,0.30,0.15,12.97
Tripureshwor,Winter,Tap water,Treated,21.20,1.10,2.10,8.30,97.00,91.00,0.50,0.78,16.92
Tripureshwor,Winter,Tap water,Treated,18.30,2.10,1.90,7.80,208.00,87.00,0.10,0.24,16.42
Tripureshwor,Winter,Tap water,Treated,18.90,1.90,3.30,6.50,109.00,348.00,0.50,0.38,19.53
Tripureshwor,Winter,Tap water,Treated,21.60,3.20,2.10,8.50,98.00,301.00,0.80,0.33,82.12
Tripureshwor,Winter,Tap water,Treated,22.10,4.20,2.20,8.60,96.00,289.00,0.10,0.48,88.11
Tripureshwor,Winter,Tap water,Treated,18.50,2.10,2.90,6.50,183.00,198.00,0.40,0.71,81.22
Tripureshwor,Winter,Tap water,Treated,17.50,1.30,1.20,6.50,126.00,203.00,0.60,0.24,92.11
Tripureshwor,Winter,Tap water,Treated,22.10,1.50,2.10,7.30,159.00,195.00,0.30,0.26,91.12
Tripureshwor,Winter,Tap water,Treated,23.10,8.40,6.90,6.90,193.00,201.00,0.30,0.36,87.20
Tripureshwor,Winter,Tap water,Treated,20.10,1.20,1.20,7.80,81.00,97.00,0.30,0.21,83.10
Tripureshwor,Winter,Tap water,Treated,19.10,2.10,2.80,8.20,89.00,123.00,0.30,0.41,84.12
Tripureshwor,Winter,Tap water,Treated,18.60,1.20,1.20,8.10,121.00,144.00,0.20,0.31,94.11
Tripureshwor,Winter,Tap water,Treated,17.90,3.30,3.20,8.00,122.00,156.00,0.40,0.26,16.12
Tripureshwor,Winter,Tap water,Treated,19.80,1.90,1.30,8.30,201.00,192.00,0.10,0.11,17.12
Baneshwor,Winter,Tap water,Treated,18.80,1.90,1.23,8.10,206.00,311.00,0.30,0.16,12.87
Baneshwor,Winter,Tap water,Treated,19.20,2.10,0.98,7.60,201.00,78.00,0.60,3.11,10.89
Baneshwor,Winter,Tap water,Treated,18.20,2.80,1.41,8.30,101.00,68.00,0.40,0.31,11.90
Baneshwor,Winter,Tap water,Treated,17.20,1.20,0.16,8.40,97.00,86.00,0.10,0..25,82.11
Baneshwor,Winter,Tap water,Treated,18.20,1.50,0.12,8.50,189.00,81.00,0.10,0.35,61.20
Baneshwor,Winter,Tap water,Treated,18.90,2.10,0.46,8.30,97.00,92.00,0.30,2.15,41.21
Baneshwor,Winter,Tap water,Treated,17.90,6.10,5.19,7.50,93.00,110.00,0.40,0.36,60.13
Baneshwor,Winter,Tap water,Treated,19.30,1.10,1.21,6.90,81.00,93.00,0.10,0.76,12.17
Baneshwor,Winter,Tap water,Treated,18.90,4.10,3.12,7.50,133.00,98.00,0.10,0.78,18.11
Baneshwor,Winter,Tap water,Treated,19.20,1.20,2.13,6.90,166.00,119.00,0.60,0.92,19.15
Baneshwor,Winter,Tap water,Treated,20.10,1.60,2.23,7.40,156.00,126.00,0.30,2.11,11.13
Baneshwor,Winter,Tap water,Treated,21.40,2.20,1.24,8.20,173.00,131.00,0.50,3.10,71.81
Baneshwor,Winter,Tap water,Treated,19.20,3.20,2.13,8.40,179.00,87.00,0.70,3.11,70.11
Baneshwor,Winter,Tap water,Treated,19.60,1.20,1.29,8.40,181.00,89.00,0.30,3.12,61.21
Baneshwor,Winter,Tap water,Treated,18.70,1.50,2.92,8.10,192.00,134.00,0.50,1.11,12.16
Bansbari,Winter,Tap water,Treated,18.20,2.10,1.32,7.80,81.00,88.00,0.00,0.14,13.81
Bansbari,Winter,Tap water,Treated,17.30,1.20,0.14,6.50,201.00,71.00,0.00,3.76,12.12
Bansbari,Winter,Tap water,Treated,16.30,1.90,0.17,6.30,98.00,69.00,0.10,3.81,15.13
Bansbari,Winter,Tap water,Treated,20.30,1.50,1.21,8.10,71.00,75.00,0.10,3.02,82.12
Bansbari,Winter,Tap water,Treated,21.20,3.20,0.34,7.10,89.00,305.00,0.10,0.24,76.11
Bansbari,Winter,Tap water,Treated,20.10,4.40,1.11,7.90,101.00,81.00,0.40,0.39,63.20
Bansbari,Winter,Tap water,Treated,19.20,4.10,2.21,6.90,95.00,92.00,0.10,0.06,65.11
Bansbari,Winter,Tap water,Treated,19.30,2.20,3.15,7.20,201.00,71.00,0.10,0.03,61.22
Bansbari,Winter,Tap water,Treated,18.50,1.60,0.12,7.30,103.00,63.00,0.20,0.08,56.11
Bansbari,Winter,Tap water,Treated,18.20,2.20,0.87,7.10,91.00,72.00,0.40,0.07,61.21
Bansbari,Winter,Tap water,Treated,17.90,1.20,1.24,7.70,96.00,62.00,0.10,0.04,61.12
Bansbari,Winter,Tap water,Treated,18.40,0.90,2.56,6.50,80.00,81.00,0.10,0.03,81.19
Bansbari,Winter,Tap water,Treated,22.20,1.40,1.34,6.90,83.00,95.00,0.30,0.12,11.12
Bansbari,Winter,Tap water,Treated,23.20,2.30,0.76,7.80,94.00,63.00,0.60,3.12,18.13
Bansbari,Winter,Tap water,Treated,24.10,2.10,0.15,7.50,113.00,201.00,0.00,2.01,29.12
Chhetrapati,Winter,Tap water,Treated,21.30,1.20,0.16,8.10,80.00,348.00,0.30,0.15,81.20
Chhetrapati,Winter,Tap water,Treated,23.40,1.90,1.23,7.60,97.00,68.00,0.50,0.86,10.12
Chhetrapati,Winter,Tap water,Treated,21.10,2.10,2.91,8.30,201.00,88.00,0.10,0.31,13.11
Chhetrapati,Winter,Tap water,Treated,21.30,2.10,2.78,8.50,305.00,89.00,0.40,0.44,16.12
Chhetrapati,Winter,Tap water,Treated,20.10,3.10,0.12,8.30,87.00,81.00,0.60,0.11,12.15
Chhetrapati,Winter,Tap water,Treated,19.20,2.10,1.22,5.50,93.00,91.00,0.20,0.31,11.12
Chhetrapati,Winter,Tap water,Treated,18.90,1.10,2.31,7.50,103.00,93.00,0.30,0.21,10.11
Chhetrapati,Winter,Tap water,Treated,21.10,3.10,2.11,7.60,144.00,81.00,0.30,0.86,21.23
Chhetrapati,Winter,Tap water,Treated,22.10,1.10,0.45,8.10,111.00,310.00,0.30,0.14,22.14
Chhetrapati,Winter,Tap water,Treated,19.90,2.20,1.11,8.00,176.00,291.00,0.20,0.31,24.54
Chhetrapati,Winter,Tap water,Treated,21.10,1.20,0.22,8.10,183.00,301.00,0.20,0.32,21.41
Chhetrapati,Winter,Tap water,Treated,23.10,4.10,0.98,8.60,101.00,78.00,0.30,0.41,31.02
Chhetrapati,Winter,Tap water,Treated,18.80,2.10,1.20,7.50,80.00,79.00,0.60,0.52,12.14
Chhetrapati,Winter,Tap water,Treated,17.90,1.20,1.30,7.60,69.00,83.00,0.20,0.61,12.14
Chhetrapati,Winter,Tap water,Treated,18.30,1.20,2.20,7.50,72.00,89.00,0.80,0.17,12.14
Tripureshwor,Winter,Tube-well,Un-treated,20.10,1.20,0.34,6.80,233.00,128.00,4.70,40.12,58.33
Tripureshwor,Winter,Tube-well,Un-treated,19.20,2.30,0.91,7.20,286.00,318.00,0.80,39.31,66.19
Tripureshwor,Winter,Tube-well,Un-treated,18.70,2.20,1.29,7.40,315.00,189.00,3.10,12.44,61.12
Tripureshwor,Winter,Tube-well,Un-treated,20.10,3.30,4.14,7.30,378.00,88.00,0.70,11.01,67.12
Tripureshwor,Winter,Tube-well,Un-treated,21.30,6.10,7.23,6.90,315.00,91.00,2.90,10.33,53.16
Tripureshwor,Winter,Tube-well,Un-treated,18.20,2.10,0.45,8.30,319.00,128.00,1.40,3.02,56.86
Tripureshwor,Winter,Tube-well,Un-treated,18.30,3.10,2.21,5.50,348.00,63.00,2.90,4.89,81.33
Tripureshwor,Winter,Tube-well,Un-treated,17.50,1.20,0.39,8.60,299.00,84.00,2.70,5.66,53.63
Tripureshwor,Winter,Tube-well,Un-treated,19.60,1.90,1.36,6.90,244.00,93.00,3.00,4.31,53.41
Tripureshwor,Winter,Tube-well,Un-treated,20.10,13.70,11.23,8.70,266.00,94.00,3.10,3.98,62.11
Tripureshwor,Winter,Tube-well,Un-treated,18.10,2.10,1.32,8.80,239.00,96.00,2.00,3.48,63.01
Tripureshwor,Winter,Tube-well,Un-treated,18.90,1.40,1.32,6.50,301.00,91.00,0.40,12.16,53.33
Tripureshwor,Winter,Tube-well,Un-treated,17.90,3.10,2.34,6.90,321.00,86.00,0.90,14.86,71.20
Tripureshwor,Winter,Tube-well,Un-treated,19.10,2.10,1.23,7.80,309.00,126.00,0.30,19.03,61.02
Tripureshwor,Winter,Tube-well,Un-treated,19.10,1.10,0.87,8.60,189.00,318.00,2.20,12.61,56.01
Baneshwor,Winter,Tube-well,Un-treated,18.10,2.10,0.24,6.50,310.00,331.00,4.00,33.01,60.21
Baneshwor,Winter,Tube-well,Un-treated,19.10,2.90,0.34,8.50,351.00,163.00,3.40,21.08,51.31
Baneshwor,Winter,Tube-well,Un-treated,17.90,1.90,1.23,8.60,286.00,185.00,3.20,4.01,58.11
Baneshwor,Winter,Tube-well,Un-treated,20.10,2.10,0.18,8.70,199.00,90.00,4.10,10.06,47.21
Baneshwor,Winter,Tube-well,Un-treated,20.10,4.20,0.23,7.90,201.00,130.00,1.50,17.01,53.12
Baneshwor,Winter,Tube-well,Un-treated,21.30,10.20,1.23,5.50,203.00,171.00,0.50,19.02,56.42
Baneshwor,Winter,Tube-well,Un-treated,19.80,1.20,0.23,6.80,302.00,81.00,0.30,37.02,42.11
Baneshwor,Winter,Tube-well,Un-treated,18.90,2.10,1.23,8.30,109.00,123.00,3.20,31.02,43.19
Baneshwor,Winter,Tube-well,Un-treated,19.70,3.10,0.34,8.50,89.00,183.00,1.10,22.11,66.12
Baneshwor,Winter,Tube-well,Un-treated,20.10,1.10,1.22,8.60,119.00,156.00,0.30,26.09,73.12
Baneshwor,Winter,Tube-well,Un-treated,19.70,2.10,3.22,8.70,159.00,101.00,0.20,31.21,71.18
Baneshwor,Winter,Tube-well,Un-treated,20.10,2.50,1.23,5.90,136.00,61.00,0.40,36.02,69.12
Baneshwor,Winter,Tube-well,Un-treated,21.10,3.20,2.11,6.50,321.00,123.00,0.10,39.01,63.20
Baneshwor,Winter,Tube-well,Un-treated,20.10,1.10,0.98,6.30,310.00,139.00,0.90,40.12,63.11
Baneshwor,Winter,Tube-well,Un-treated,20.10,2.70,1.34,7.50,118.00,141.00,1.60,42.36,69.11
Bansbari,Winter,Tube-well,Un-treated,20.20,2.10,0.32,7.60,213.00,144.00,3.00,38.02,53.44
Bansbari,Winter,Tube-well,Un-treated,21.10,2.90,0.93,7.50,311.00,311.00,0.20,12.95,60.12
Bansbari,Winter,Tube-well,Un-treated,18.90,3.10,1.22,7.00,113.00,69.00,3.50,3.05,63.44
Bansbari,Winter,Tube-well,Un-treated,20.10,1.20,2.11,8.50,92.00,84.00,0.60,11.91,53.97
Bansbari,Winter,Tube-well,Un-treated,17.70,2.10,3.21,8.60,124.00,94.00,3.50,12.13,56.33
Bansbari,Winter,Tube-well,Un-treated,22.20,3.10,0.23,8.00,134.00,112.00,0.30,13.14,63.11
Bansbari,Winter,Tube-well,Un-treated,23.10,2.10,1.34,8.70,156.00,113.00,0.40,14.13,53.12
Bansbari,Winter,Tube-well,Un-treated,21.10,2.30,2.15,5.50,213.00,78.00,0.40,15.60,63.12
Bansbari,Winter,Tube-well,Un-treated,22.40,8.60,6.73,5.60,362.00,92.00,0.90,18.30,51.21
Bansbari,Winter,Tube-well,Un-treated,19.90,1.20,0.43,7.20,316.00,93.00,3.10,38.12,52.44
Bansbari,Winter,Tube-well,Un-treated,20.80,2.30,1.33,7.30,312.00,316.00,2.90,40.12,53.12
Bansbari,Winter,Tube-well,Un-treated,22.40,1.10,0.33,6.50,310.00,201.00,1.90,28.10,63.19
Bansbari,Winter,Tube-well,Un-treated,23.10,2.10,2.51,6.50,210.00,181.00,2.00,23.01,64.12
Bansbari,Winter,Tube-well,Un-treated,19.90,2.10,3.23,7.20,310.00,130.00,2.10,21.11,64.12
Bansbari,Winter,Tube-well,Un-treated,20.50,2.10,1.23,8.30,81.00,120.00,2.00,38.11,70.13
Chhetrapati,Winter,Tube-well,Un-treated,21.20,7.40,0.74,6.50,231.00,128.00,4.10,40.11,53.57
Chhetrapati,Winter,Tube-well,Un-treated,22.10,1.20,0.56,7.10,311.00,318.00,0.20,14.83,65.12
Chhetrapati,Winter,Tube-well,Un-treated,19.90,2.10,1.21,8.10,154.00,80.00,3.60,3.01,61.39
Chhetrapati,Winter,Tube-well,Un-treated,19.10,3.30,2.32,5.50,84.00,90.00,0.50,10.12,53.17
Chhetrapati,Winter,Tube-well,Un-treated,21.20,3.20,0.76,7.50,84.00,93.00,0.70,16.50,54.12
Chhetrapati,Winter,Tube-well,Un-treated,23.10,1.20,0.32,8.30,89.00,141.00,2.50,17.12,62.12
Chhetrapati,Winter,Tube-well,Un-treated,21.10,2.10,2.22,5.30,252.00,211.00,2.20,19.11,63.13
Chhetrapati,Winter,Tube-well,Un-treated,20.10,1.30,1.29,6.50,259.00,60.00,2.10,10.12,64.12
Chhetrapati,Winter,Tube-well,Un-treated,21.10,6.90,8.21,5.50,150.00,91.00,3.10,12.14,54.18
Chhetrapati,Winter,Tube-well,Un-treated,18.90,1.20,1.23,6.50,93.00,83.00,0.40,18.11,56.15
Chhetrapati,Winter,Tube-well,Un-treated,18.50,2.10,0.23,7.50,95.00,51.00,1.00,12.11,59.14
Chhetrapati,Winter,Tube-well,Un-treated,19.80,3.20,1.23,6.50,113.00,131.00,0.10,12.19,60.12
Chhetrapati,Winter,Tube-well,Un-treated,20.20,2.10,2.34,7.50,145.00,311.00,0.50,10.13,53.12
Chhetrapati,Winter,Tube-well,Un-treated,21.10,4.40,3.22,7.10,161.00,112.00,0.30,18.13,56.12
Chhetrapati,Winter,Tube-well,Un-treated,20.80,3.30,2.12,7.20,210.00,131.00,0.60,19.12,54.12
Tripureshwor,Winter,Dug well,Un-treated,23.10,2.60,0.19,8.60,163.00,598.00,3.60,10.32,63.02
Tripureshwor,Winter,Dug well,Un-treated,21.60,3.20,2.31,8.10,97.00,530.00,3.00,3.04,58.19
Tripureshwor,Winter,Dug well,Un-treated,18.20,1.20,1.21,8.00,87.00,302.00,3.00,128.04,88.21
Tripureshwor,Winter,Dug well,Un-treated,19.90,2.10,3.21,8.70,112.00,102.00,1.50,112.08,61.11
Tripureshwor,Winter,Dug well,Un-treated,20.30,4.30,3.21,8.30,586.00,601.00,3.10,19.02,63.12
Tripureshwor,Winter,Dug well,Un-treated,21.10,6.40,8.30,8.90,912.00,135.00,3.10,21.01,78.01
Tripureshwor,Winter,Dug well,Un-treated,21.90,1.20,1.20,8.70,123.00,110.00,3.00,121.88,91.12
Tripureshwor,Winter,Dug well,Un-treated,21.60,2.20,0.92,8.10,142.00,98.00,2.10,123.53,93.80
Tripureshwor,Winter,Dug well,Un-treated,19.90,3.30,2.29,8.60,156.00,91.00,2.00,111.02,91.18
Tripureshwor,Winter,Dug well,Un-treated,18.90,4.20,3.23,8.50,1159.00,76.00,3.20,88.05,60.56
Tripureshwor,Winter,Dug well,Un-treated,18.10,12.20,11.22,8.60,1011.00,118.00,3.00,90.12,62.71
Tripureshwor,Winter,Dug well,Un-treated,21.20,2.10,0.98,8.70,81.00,136.00,3.10,81.80,72.18
Tripureshwor,Winter,Dug well,Un-treated,22.10,1.90,0.78,8.80,91.00,171.00,3.00,10.12,72.81
Tripureshwor,Winter,Dug well,Un-treated,21.50,2.30,1.22,8.60,93.00,190.00,2.00,19.13,81.21
Tripureshwor,Winter,Dug well,Un-treated,19.90,3.20,2.33,8.00,80.00,103.00,3.00,16.15,63.12
Baneshwor,Winter,Dug well,Un-treated,21.20,2.90,1.06,8.60,1011.00,602.00,3.40,118.11,61.31
Baneshwor,Winter,Dug well,Un-treated,20.10,3.20,2.03,8.70,144.00,107.00,3.00,96.33,51.20
Baneshwor,Winter,Dug well,Un-treated,19.10,4.30,1.23,8.10,163.00,90.00,2.10,77.11,56.44
Baneshwor,Winter,Dug well,Un-treated,19.80,1.10,2.12,5.60,182.00,111.00,2.30,10.12,60.31
Baneshwor,Winter,Dug well,Un-treated,20.20,2.10,4.22,5.30,87.00,121.00,3.40,3.12,49.12
Baneshwor,Winter,Dug well,Un-treated,20.90,4.20,2.54,7.90,92.00,93.00,1.20,4.16,56.33
Baneshwor,Winter,Dug well,Un-treated,18.70,8.10,8.09,7.10,143.00,83.00,2.40,9.11,58.33
Baneshwor,Winter,Dug well,Un-treated,19.10,1.90,1.08,8.60,111.00,87.00,3.10,9..01,53.44
Baneshwor,Winter,Dug well,Un-treated,18.90,2.10,1.32,8.70,131.00,85.00,0.50,117.11,69.11
Baneshwor,Winter,Dug well,Un-treated,19.80,3.30,1.33,8.30,149.00,87.00,0.70,102.13,75.23
Baneshwor,Winter,Dug well,Un-treated,21.10,4.30,2.11,8.00,156.00,93.00,3.00,151.11,75.33
Baneshwor,Winter,Dug well,Un-treated,22.10,2.30,1.29,8.10,183.00,94.00,2.50,161.33,53.11
Baneshwor,Winter,Dug well,Un-treated,20.10,6.60,6.22,8.10,201.00,93.00,2.10,172.11,62.33
Baneshwor,Winter,Dug well,Un-treated,19.70,3.20,1.23,6.50,302.00,63.00,2.30,182.33,72.11
Baneshwor,Winter,Dug well,Un-treated,18.80,2.30,1.23,6.30,313.00,69.00,1.00,10.77,70.12
Bansbari,Winter,Dug well,Un-treated,21.10,2.90,1.04,6.80,244.00,318.00,4.70,36.05,65.02
Bansbari,Winter,Dug well,Un-treated,22.10,1.20,1.02,7.80,233.00,347.00,3.40,38.06,63.10
Bansbari,Winter,Dug well,Un-treated,19.90,2.30,1.11,7.10,211.00,341.00,3.10,22.16,53.12
Bansbari,Winter,Dug well,Un-treated,18.90,2.30,2.12,7.20,95.00,246.00,0.30,21.06,47.11
Bansbari,Winter,Dug well,Un-treated,18.40,1.30,2.12,7.90,113.00,231.00,3.10,11.08,48.13
Bansbari,Winter,Dug well,Un-treated,20.10,4.20,3.22,8.30,144.00,242.00,0.10,10.03,52.43
Bansbari,Winter,Dug well,Un-treated,21.90,1.20,1.22,6.90,310.00,198.00,0.40,3.04,55.43
Bansbari,Winter,Dug well,Un-treated,22.10,2.10,2.98,7.20,298.00,302.00,0.30,8.04,63.03
Bansbari,Winter,Dug well,Un-treated,23.20,2.90,2.11,6.50,171.00,391.00,0.10,7.03,64.33
Bansbari,Winter,Dug well,Un-treated,23.10,1.20,2.10,7.20,201.00,128.00,0.10,4.04,61.31
Bansbari,Winter,Dug well,Un-treated,19.90,8.20,9.90,7.40,301.00,119.00,0.20,7.42,53.10
Bansbari,Winter,Dug well,Un-treated,18.80,1.10,2.22,7.40,109.00,201.00,0.10,7.32,63.11
Bansbari,Winter,Dug well,Un-treated,19.80,2.20,1.22,7.80,211.00,311.00,1.00,4.44,66.12
Bansbari,Winter,Dug well,Un-treated,21.10,7.30,8.10,8.90,321.00,201.00,3.10,3.01,69.12
Bansbari,Winter,Dug well,Un-treated,21.10,1.20,1.20,8.60,314.00,301.00,2.00,12.01,60.13
Chhetrapati,Winter,Dug well,Un-treated,20.70,2.20,2.09,8.60,153.00,78.00,3.00,5.04,61.39
Chhetrapati,Winter,Dug well,Un-treated,20.10,3.20,1.07,8.70,131.00,81.00,0.50,10.93,53.97
Chhetrapati,Winter,Dug well,Un-treated,19.90,1.90,1.33,8.30,89.00,61.00,2.30,11.11,58.33
Chhetrapati,Winter,Dug well,Un-treated,18.90,2.70,2.34,8.50,92.00,92.00,2.40,129.52,62.61
Chhetrapati,Winter,Dug well,Un-treated,18.30,4.30,2.54,8.00,91.00,442.00,3.10,152.51,51.31
Chhetrapati,Winter,Dug well,Un-treated,18.70,2.70,2.98,8.30,1013.00,562.00,0.90,166.31,71.22
Chhetrapati,Winter,Dug well,Un-treated,17.80,1.30,1.22,8.50,153.00,201.00,0.50,112.33,83.11
Chhetrapati,Winter,Dug well,Un-treated,19.90,9.30,7.22,5.30,563.00,102.00,0.90,116.12,85.11
Chhetrapati,Winter,Dug well,Un-treated,18.90,2.10,1.22,6.50,163.00,301.00,2.00,83.53,69.95
Chhetrapati,Winter,Dug well,Un-treated,20.10,2.30,3.44,8.20,183.00,86.00,2.00,15.16,70.12
Chhetrapati,Winter,Dug well,Un-treated,22.10,4.50,1.09,7.50,189.00,93.00,2.30,19.31,48.12
Chhetrapati,Winter,Dug well,Un-treated,21.20,6.70,1.23,6.50,113.00,71.00,0.20,10.15,48.11
Chhetrapati,Winter,Dug well,Un-treated,22.10,4.30,4.34,7.50,140.00,81.00,3.10,3.81,41.13
Chhetrapati,Winter,Dug well,Un-treated,20.10,2.20,2.33,6.50,191.00,95.00,2.00,5.61,56.14
Chhetrapati,Winter,Dug well,Un-treated,19.20,1.20,1.34,7.50,141.00,63.00,2.40,13.51,60.12
Tripureshwor,Autumn,Tap water,Treated,26.50,2.90,2.09,8.10,123.00,188.00,0.60,0.19,11.89
Tripureshwor,Autumn,Tap water,Treated,26.40,2.80,1.01,7.30,142.00,201.00,0.30,0.61,15.18
Tripureshwor,Autumn,Tap water,Treated,27.40,1.90,2.03,7.80,154.00,198.00,0.00,0.12,14.12
Tripureshwor,Autumn,Tap water,Treated,25.80,3.90,2.04,7.90,144.00,222.00,0.30,0.31,18.54
Tripureshwor,Autumn,Tap water,Treated,26.50,4.10,1.06,8.60,183.00,336.00,0.70,0.39,78.19
Tripureshwor,Autumn,Tap water,Treated,27.30,2.40,0.09,8.10,116.00,301.00,0.10,0.58,98.11
Tripureshwor,Autumn,Tap water,Treated,28.20,3.70,0.98,7.10,156.00,202.00,0.10,0.61,78.91
Tripureshwor,Autumn,Tap water,Treated,27.20,2.20,1.08,8.50,176.00,208.00,0.60,0.26,96.11
Tripureshwor,Autumn,Tap water,Treated,25.10,4.20,2.01,7.10,134.00,198.00,0.30,0.36,87.66
Tripureshwor,Autumn,Tap water,Treated,26.60,2.10,3.01,7.90,177.00,166.00,0.30,0.56,91.66
Tripureshwor,Autumn,Tap water,Treated,27.40,4.20,0.09,6.70,188.00,177.00,0.10,0.31,77.98
Tripureshwor,Autumn,Tap water,Treated,28.20,1.10,0.03,6.50,175.00,211.00,0.20,0.51,87.11
Tripureshwor,Autumn,Tap water,Treated,27.50,4.30,1.01,7.10,154.00,186.00,0.20,0.37,98.14
Tripureshwor,Autumn,Tap water,Treated,28.60,2.30,0.09,7.60,55.00,176.00,0.10,0.36,15.11
Tripureshwor,Autumn,Tap water,Treated,25.50,2.20,1.03,6.70,198.00,126.00,0.10,0.32,66.98
Baneshwor,Autumn,Tap water,Treated,27.20,1.10,0.16,6.10,208.00,322.00,0.40,0.18,16.87
Baneshwor,Autumn,Tap water,Treated,28.20,1.01,1.02,6.60,211.00,111.00,0.50,2.17,15.90
Baneshwor,Autumn,Tap water,Treated,25.30,2.10,2.01,7.30,213.00,123.00,0.30,0.36,16.80
Baneshwor,Autumn,Tap water,Treated,25.30,1.20,1.09,7.40,111.00,212.00,0.20,0.29,90.90
Baneshwor,Autumn,Tap water,Treated,26.40,2.10,0.90,6.50,178.00,112.00,0.20,0.38,81.56
Baneshwor,Autumn,Tap water,Treated,28.60,3.10,0.16,7.30,128.00,223.00,0.10,3.15,56.87
Baneshwor,Autumn,Tap water,Treated,27.20,1.30,1.18,6.50,212.00,443.00,0.40,0.26,78.60
Baneshwor,Autumn,Tap water,Treated,26.30,2.10,2.19,7.10,99.00,233.00,0.30,0.78,14.88
Baneshwor,Autumn,Tap water,Treated,25.50,1.10,1.02,6.50,133.00,88.00,0.10,0.68,27.99
Baneshwor,Autumn,Tap water,Treated,25.70,3.10,1.12,7.90,162.00,112.00,0.40,0.82,29.22
Baneshwor,Autumn,Tap water,Treated,25.40,2.10,0.98,7.50,155.00,145.00,0.30,1.11,18.88
Baneshwor,Autumn,Tap water,Treated,26.10,1.30,1.13,7.20,179.00,212.00,0.10,2.10,81.79
Baneshwor,Autumn,Tap water,Treated,28.20,2.10,2.12,7.40,166.00,334.00,0.70,1.11,80.90
Baneshwor,Autumn,Tap water,Treated,26.20,2.30,1.15,6.40,191.00,222.00,0.40,2.12,77.22
Baneshwor,Autumn,Tap water,Treated,27.10,1.90,1.11,6.10,188.00,333.00,0.10,2.11,18.98
Bansbari,Autumn,Tap water,Treated,28.20,1.08,0.12,6.70,108.00,122.00,0.30,0.02,14.78
Bansbari,Autumn,Tap water,Treated,29.10,1.04,0.16,7.50,209.00,222.00,0.20,2.66,19.12
Bansbari,Autumn,Tap water,Treated,28.70,2.01,1.09,8.30,123.00,132.00,0.20,2.41,28.12
Bansbari,Autumn,Tap water,Treated,29.10,1.09,0.98,6.10,212.00,213.00,0.30,4.01,20.98
Bansbari,Autumn,Tap water,Treated,28.70,2.01,1.19,6.90,211.00,309.00,0.10,0.44,56.66
Bansbari,Autumn,Tap water,Treated,27.80,2.01,0.90,7.50,191.00,113.00,0.30,0.45,78.09
Bansbari,Autumn,Tap water,Treated,28.40,3.12,0.26,7.90,195.00,21`,0.20,0.22,87.90
Bansbari,Autumn,Tap water,Treated,28.30,1.01,1.11,6.80,209.00,98.00,0.20,0.23,67.90
Bansbari,Autumn,Tap water,Treated,28.30,1.90,2.21,7.90,193.00,88.00,0.30,0.02,78.91
Bansbari,Autumn,Tap water,Treated,29.10,6.11,7.19,6.10,291.00,321.00,0.30,0.09,71.21
Bansbari,Autumn,Tap water,Treated,28.20,2.12,0.15,8.70,196.00,223.00,0.20,0.14,88.12
Bansbari,Autumn,Tap water,Treated,27.40,1.13,0.15,7.50,132.00,113.00,0.20,0.13,91.19
Bansbari,Autumn,Tap water,Treated,27.40,2.10,0.29,7.90,134.00,99.00,0.30,0.19,16.12
Bansbari,Autumn,Tap water,Treated,28.30,2.50,0.13,6.80,132.00,88.00,0.50,2.12,21.13
Bansbari,Autumn,Tap water,Treated,27.90,1.11,2.12,6.50,193.00,301.00,0.10,1.01,81.67
Chhetrapati,Autumn,Tap water,Treated,28.50,1.11,1.11,6.50,99.00,412.00,0.30,0.25,89.20
Chhetrapati,Autumn,Tap water,Treated,27.90,1.23,0.22,8.60,98.00,123.00,0.50,0.96,20.12
Chhetrapati,Autumn,Tap water,Treated,27.80,2.01,0.98,8.50,109.00,222.00,0.10,0.81,19.19
Chhetrapati,Autumn,Tap water,Treated,27.70,1.09,2.22,7.50,208.00,123.00,0.30,0.64,19.12
Chhetrapati,Autumn,Tap water,Treated,29.20,1.21,1.98,7.30,112.00,122.00,0.20,0.91,22.15
Chhetrapati,Autumn,Tap water,Treated,27.90,3.01,2.97,6.50,221.00,99.00,0.30,0.51,31.12
Chhetrapati,Autumn,Tap water,Treated,27.90,1.42,1.01,6.50,109.00,112.00,0.20,0.31,18.17
Chhetrapati,Autumn,Tap water,Treated,27.90,1.55,2.02,7.50,122.00,201.00,0.20,0.66,28.23
Chhetrapati,Autumn,Tap water,Treated,29.30,2.62,2.11,7.10,123.00,301.00,0.20,0.19,22.84
Chhetrapati,Autumn,Tap water,Treated,28.40,1.21,0.98,8.50,198.00,201.00,0.30,0.91,94.54
Chhetrapati,Autumn,Tap water,Treated,28.60,2.33,1.98,8.30,212.00,122.00,0.20,0.42,33.49
Chhetrapati,Autumn,Tap water,Treated,27.90,3.11,2.67,8.50,112.00,98.00,0.30,0.21,81.02
Chhetrapati,Autumn,Tap water,Treated,28.60,0.98,1.09,6.50,232.00,223.00,0.20,0.92,22.14
Chhetrapati,Autumn,Tap water,Treated,29.10,1.38,1.91,6.60,212.00,98.00,0.20,2.61,18.29
Chhetrapati,Autumn,Tap water,Treated,28.40,1.22,2.06,6.50,111.00,125.00,0.50,3.17,22.14
Tripureshwor,Autumn,Tube-well,Un-treated,24.80,2.20,0.10,8.80,222.00,291.00,1.70,10.54,63.44
Tripureshwor,Autumn,Tube-well,Un-treated,27.20,3.10,0.70,8.20,212.00,123.00,0.90,11.34,76.19
Tripureshwor,Autumn,Tube-well,Un-treated,23.40,2.10,0.70,8.40,312.00,321.00,3.10,12.44,69.12
Tripureshwor,Autumn,Tube-well,Un-treated,24.30,4.20,0.60,7.30,123.00,231.00,0.20,12.81,76.98
Tripureshwor,Autumn,Tube-well,Un-treated,25.40,1.30,1.10,6.50,212.00,98.00,2.50,10.22,65.77
Tripureshwor,Autumn,Tube-well,Un-treated,24.60,2.20,2.10,8.60,123.00,128.00,2.00,9.11,66.64
Tripureshwor,Autumn,Tube-well,Un-treated,26.10,1.10,1.40,5.50,132.00,99.00,0.90,4.83,76.34
Tripureshwor,Autumn,Tube-well,Un-treated,25.30,3.10,2.10,8.60,187.00,98.00,1.70,7.66,98.76
Tripureshwor,Autumn,Tube-well,Un-treated,25.40,2.10,3.10,6.50,112.00,101.00,1.00,3.31,44.98
Tripureshwor,Autumn,Tube-well,Un-treated,25.30,2.60,1.70,6.70,231.00,120.00,1.10,1.98,98.76
Tripureshwor,Autumn,Tube-well,Un-treated,23.40,3.10,1.90,8.60,211.00,129.00,1.00,1.48,98.33
Tripureshwor,Autumn,Tube-well,Un-treated,25.40,2.10,2.80,6.50,201.00,91.00,0.30,11.16,65.99
Tripureshwor,Autumn,Tube-well,Un-treated,25.40,4.10,4.60,6.50,211.00,212.00,0.20,11.86,34.89
Tripureshwor,Autumn,Tube-well,Un-treated,26.40,1.60,3.40,7.80,201.00,122.00,0.40,21.03,76.91
Tripureshwor,Autumn,Tube-well,Un-treated,23.40,2.90,2.10,8.50,101.00,201.00,0.20,11.61,15.78
Baneshwor,Autumn,Tube-well,Un-treated,28.40,2.10,1.10,7.50,210.00,431.00,2.00,23.44,77.67
Baneshwor,Autumn,Tube-well,Un-treated,29.10,1.10,2.40,8.60,251.00,263.00,2.40,33.23,77.87
Baneshwor,Autumn,Tube-well,Un-treated,25.90,4.20,3.90,8.60,286.00,285.00,1.50,1.09,33.98
Baneshwor,Autumn,Tube-well,Un-treated,29.30,3.40,2.30,8.70,299.00,290.00,0.10,10.22,13.21
Baneshwor,Autumn,Tube-well,Un-treated,28.60,5.50,6.30,7.80,101.00,230.00,0.50,14.23,22.12
Baneshwor,Autumn,Tube-well,Un-treated,27.80,2.20,1.10,6.50,103.00,571.00,0.30,11.52,92.42
Baneshwor,Autumn,Tube-well,Un-treated,28.40,1.10,2.10,6.50,122.00,281.00,0.30,10.11,29.11
Baneshwor,Autumn,Tube-well,Un-treated,29.50,2.10,1.90,7.30,119.00,143.00,1.20,11.09,83.19
Baneshwor,Autumn,Tube-well,Un-treated,28.60,3.10,2.30,6.50,89.00,383.00,1.00,11.45,69.12
Baneshwor,Autumn,Tube-well,Un-treated,28.80,6.10,7.10,7.60,219.00,256.00,0.30,16.22,83.12
Baneshwor,Autumn,Tube-well,Un-treated,29.60,2.10,1.10,6.70,155.00,201.00,0.10,11.09,51.18
Baneshwor,Autumn,Tube-well,Un-treated,30.10,1.20,3.20,6.90,136.00,161.00,0.20,21.90,79.12
Baneshwor,Autumn,Tube-well,Un-treated,29.10,3.10,1.20,6.80,121.00,143.00,0.30,11.56,83.20
Baneshwor,Autumn,Tube-well,Un-treated,28.10,3.40,3.20,8.30,210.00,199.00,0.20,9.11,83.11
Baneshwor,Autumn,Tube-well,Un-treated,29.60,2.10,1.20,8.50,117.00,121.00,0.20,11.98,99.11
Bansbari,Autumn,Tube-well,Un-treated,25.20,0.80,0.40,6.60,113.00,244.00,1.00,33.02,59.44
Bansbari,Autumn,Tube-well,Un-treated,27.30,2.40,0.90,6.90,111.00,411.00,0.30,14.95,70.12
Bansbari,Autumn,Tube-well,Un-treated,28.30,1.90,1.20,7.50,119.00,169.00,1.50,4.05,53.48
Bansbari,Autumn,Tube-well,Un-treated,28.40,6.10,5.90,8.50,192.00,184.00,1.60,14.91,76.87
Bansbari,Autumn,Tube-well,Un-treated,29.50,1.90,1.10,8.70,126.00,94.00,1.50,15.13,44.54
Bansbari,Autumn,Tube-well,Un-treated,27.10,2.20,0.90,8.10,184.00,98.00,0.30,23.14,65.32
Bansbari,Autumn,Tube-well,Un-treated,25.30,1.90,1.10,8.10,186.00,119.00,0.10,24.13,82.56
Bansbari,Autumn,Tube-well,Un-treated,28.90,3.10,2.10,6.50,211.00,70.00,0.20,13.60,55.19
Bansbari,Autumn,Tube-well,Un-treated,27.50,2.10,1.10,6.60,262.00,192.00,0.20,14.30,66.76
Bansbari,Autumn,Tube-well,Un-treated,29.30,1.10,1.50,6.20,216.00,193.00,1.10,28.12,56.23
Bansbari,Autumn,Tube-well,Un-treated,27.50,2.90,1.40,7.70,112.00,116.00,1.90,20.12,29.87
Bansbari,Autumn,Tube-well,Un-treated,26.40,2.10,1.20,7.50,210.00,101.00,0.90,18.10,19.19
Bansbari,Autumn,Tube-well,Un-treated,27.40,1.30,1.10,6.90,110.00,181.00,0.20,21.01,54.12
Bansbari,Autumn,Tube-well,Un-treated,25.60,5.50,6.10,8.20,210.00,230.00,1.10,11.11,34.12
Bansbari,Autumn,Tube-well,Un-treated,27.30,1.30,1.10,8.10,181.00,98.00,1.30,28.11,30.13
Chhetrapati,Autumn,Tube-well,Un-treated,28.20,2.30,0.20,6.50,221.00,228.00,1.10,35.44,43.98
Chhetrapati,Autumn,Tube-well,Un-treated,29.70,2.90,0.60,7.80,211.00,218.00,0.40,24.55,61.49
Chhetrapati,Autumn,Tube-well,Un-treated,27.80,1.90,1.10,8.60,194.00,280.00,1.60,2.09,68.34
Chhetrapati,Autumn,Tube-well,Un-treated,27.90,3.20,0.80,6.50,284.00,390.00,0.50,11.23,52.31
Chhetrapati,Autumn,Tube-well,Un-treated,27.60,2.10,2.10,7.50,184.00,293.00,0.20,15.18,43.56
Chhetrapati,Autumn,Tube-well,Un-treated,26.40,0.90,0.90,8.80,89.00,142.00,1.50,19.90,52.82
Chhetrapati,Autumn,Tube-well,Un-treated,28.30,2.10,0.30,6.30,212.00,111.00,2.90,17.60,60.60
Chhetrapati,Autumn,Tube-well,Un-treated,26.30,6.50,0.80,7.50,219.00,160.00,2.90,10.10,60.34
Chhetrapati,Autumn,Tube-well,Un-treated,25.30,1.10,0.30,6.50,160.00,191.00,3.10,11.44,44.33
Chhetrapati,Autumn,Tube-well,Un-treated,27.30,2.10,0.70,6.80,193.00,93.00,1.40,16.89,68.12
Chhetrapati,Autumn,Tube-well,Un-treated,26.90,1.70,1.10,6.50,295.00,41.00,0.20,11.12,98.67
Chhetrapati,Autumn,Tube-well,Un-treated,27.20,2.30,2.50,7.50,116.00,141.00,0.10,0.19,73.82
Chhetrapati,Autumn,Tube-well,Un-treated,28.20,3.20,2.90,7.80,135.00,121.00,0.20,0.19,54.32
Chhetrapati,Autumn,Tube-well,Un-treated,26.60,4.90,0.10,8.60,191.00,132.00,0.30,0.99,57.90
Chhetrapati,Autumn,Tube-well,Un-treated,27.60,4.70,1.20,7.50,290.00,96.00,0.20,10.87,60.89
Tripureshwor,Autumn,Dug well,Un-treated,26.90,2.70,1.09,8.10,153.00,518.00,1.60,20.32,53.12
Tripureshwor,Autumn,Dug well,Un-treated,27.60,2.10,2.12,8.60,197.00,510.00,1.00,13.04,51.91
Tripureshwor,Autumn,Dug well,Un-treated,26.80,3.10,2.26,8.60,187.00,202.00,3.00,18.04,66.98
Tripureshwor,Autumn,Dug well,Un-treated,27.60,2.80,1.02,8.70,212.00,192.00,0.50,113.08,51.11
Tripureshwor,Autumn,Dug well,Un-treated,29.10,1.20,1.12,8.30,586.00,501.00,0.10,29.02,66.22
Tripureshwor,Autumn,Dug well,Un-treated,28.50,2.40,2.11,8.90,919.00,185.00,1.10,23.01,68.78
Tripureshwor,Autumn,Dug well,Un-treated,27.50,1.20,3.13,8.70,193.00,210.00,1.00,121.98,44.73
Tripureshwor,Autumn,Dug well,Un-treated,29.10,2.90,2.07,6.10,182.00,188.00,0.10,133.53,23.98
Tripureshwor,Autumn,Dug well,Un-treated,25.50,2.50,1.19,8.60,186.00,191.00,1.00,121.02,45.91
Tripureshwor,Autumn,Dug well,Un-treated,26.10,6.20,5.51,8.50,109.00,79.00,0.20,88.05,55.67
Tripureshwor,Autumn,Dug well,Un-treated,28.40,2.50,3.21,7.60,1019.00,118.00,1.00,0.12,54.22
Tripureshwor,Autumn,Dug well,Un-treated,27.80,6.90,7.32,6.70,181.00,146.00,0.10,11.80,75.32
Tripureshwor,Autumn,Dug well,Un-treated,29.40,1.50,2.11,6.80,191.00,191.00,3.00,0.12,47.33
Tripureshwor,Autumn,Dug well,Un-treated,26.90,2.20,3.22,5.60,893.00,150.00,2.00,9.13,33.98
Tripureshwor,Autumn,Dug well,Un-treated,28.50,5.10,6.30,8.10,380.00,113.00,1.00,0.15,51.90
Baneshwor,Autumn,Dug well,Un-treated,29.70,3.20,1.09,8.30,1001.00,621.00,1.40,128.31,71.31
Baneshwor,Autumn,Dug well,Un-treated,28.90,4.30,2.19,8.70,154.00,189.00,2.00,86.33,51.20
Baneshwor,Autumn,Dug well,Un-treated,28.60,2.10,3.33,8.20,173.00,199.00,1.10,57.11,46.44
Baneshwor,Autumn,Dug well,Un-treated,29.80,2.20,1.04,6.60,185.00,192.00,1.30,12.12,40.32
Baneshwor,Autumn,Dug well,Un-treated,29.80,3.20,2.09,6.30,287.00,188.00,1.40,0.12,39.12
Baneshwor,Autumn,Dug well,Un-treated,27.90,1.10,3.12,7.60,192.00,194.00,2.20,0.16,46.33
Baneshwor,Autumn,Dug well,Un-treated,29.70,4.20,1.02,8.10,145.00,185.00,0.40,9.19,48.33
Baneshwor,Autumn,Dug well,Un-treated,28.40,2.70,2.19,8.60,211.00,197.00,0.10,9.01,33.44
Baneshwor,Autumn,Dug well,Un-treated,29.50,3.30,2.22,8.70,138.00,180.00,0.50,127.17,79.11
Baneshwor,Autumn,Dug well,Un-treated,27.20,2.90,2.66,8.30,169.00,84.00,0.10,112.13,65.23
Baneshwor,Autumn,Dug well,Un-treated,26.90,8.90,1.09,8.00,126.00,199.00,1.00,111.15,65.33
Baneshwor,Autumn,Dug well,Un-treated,28.60,2.90,3.05,8.30,188.00,196.00,1.50,151.33,63.11
Baneshwor,Autumn,Dug well,Un-treated,28.60,3.20,1.03,8.10,211.00,193.00,0.10,132.11,69.43
Baneshwor,Autumn,Dug well,Un-treated,27.40,1.90,2.07,7.50,202.00,162.00,0.30,162.33,77.11
Baneshwor,Autumn,Dug well,Un-treated,26.90,6.30,1.09,7.30,211.00,99.00,1.00,9.77,60.12
Bansbari,Autumn,Dug well,Un-treated,26.50,3.80,1.09,6.70,254.00,308.00,1.70,46.55,76.02
Bansbari,Autumn,Dug well,Un-treated,28.60,1.20,2.22,8.60,230.00,387.00,1.40,39.06,65.91
Bansbari,Autumn,Dug well,Un-treated,29.10,3.20,1.11,8.60,201.00,321.00,3.10,32.96,65.23
Bansbari,Autumn,Dug well,Un-treated,26.90,4.10,3.98,6.20,99.00,216.00,0.20,33.06,45.78
Bansbari,Autumn,Dug well,Un-treated,26.90,1.10,2.11,7.40,114.00,271.00,5.10,21.08,65.98
Bansbari,Autumn,Dug well,Un-treated,29.10,2.30,1.97,8.40,149.00,212.00,0.10,11.13,33.56
Bansbari,Autumn,Dug well,Un-treated,27.60,2.80,2.45,6.50,210.00,168.00,0.30,0.04,66.44
Bansbari,Autumn,Dug well,Un-treated,27.80,6.70,3.21,6.20,208.00,392.00,0.30,7.04,54.34
Bansbari,Autumn,Dug well,Un-treated,26.70,2.10,3.31,6.80,191.00,351.00,0.10,9.03,60.63
Bansbari,Autumn,Dug well,Un-treated,27.90,3.20,2.22,7.00,291.00,138.00,0.10,6.04,65.31
Bansbari,Autumn,Dug well,Un-treated,28.60,2.70,4.33,6.40,201.00,179.00,0.20,11.42,56.98
Bansbari,Autumn,Dug well,Un-treated,29.40,1.90,2.12,6.40,129.00,208.00,0.10,15.32,65.25
Bansbari,Autumn,Dug well,Un-treated,28.10,6.60,5.62,6.80,221.00,351.00,1.00,0.44,57.36
Bansbari,Autumn,Dug well,Un-treated,26.50,3.60,2.22,8.60,221.00,211.00,3.10,3.01,61.02
Bansbari,Autumn,Dug well,Un-treated,26.70,4.30,3.87,8.60,214.00,391.00,2.00,0.01,65.12
Chhetrapati,Autumn,Dug well,Un-treated,26.60,2.10,1.07,8.60,183.00,578.00,2.00,6.04,66.19
Chhetrapati,Autumn,Dug well,Un-treated,28.40,2.20,1.02,8.60,131.00,85.00,0.30,11.93,44.98
Chhetrapati,Autumn,Dug well,Un-treated,29.10,2.50,2.01,7.30,189.00,161.00,1.30,12.11,51.61
Chhetrapati,Autumn,Dug well,Un-treated,26.70,3.20,3.02,6.50,92.00,95.00,1.40,139.52,56.98
Chhetrapati,Autumn,Dug well,Un-treated,25.80,4.10,1.01,8.60,91.00,542.00,2.10,142.51,50.12
Chhetrapati,Autumn,Dug well,Un-treated,26.00,2.90,3.02,8.20,1113.00,522.00,0.30,176.32,61.98
Chhetrapati,Autumn,Dug well,Un-treated,27.40,1.40,2.01,8.20,163.00,211.00,0.50,12.33,73.94
Chhetrapati,Autumn,Dug well,Un-treated,28.30,1.80,1.02,7.30,562.00,192.00,0.30,16.12,87.14
Chhetrapati,Autumn,Dug well,Un-treated,29.50,3.20,1.05,6.50,173.00,391.00,2.00,73.53,70.90
Chhetrapati,Autumn,Dug well,Un-treated,28.60,2.50,2.03,8.40,173.00,186.00,0.20,16.16,65.90
Chhetrapati,Autumn,Dug well,Un-treated,27.60,3.50,2.09,7.90,199.00,293.00,1.30,16.31,76.54
Chhetrapati,Autumn,Dug well,Un-treated,27.80,1.20,3.01,6.90,193.00,271.00,0.20,12.15,41.98
Chhetrapati,Autumn,Dug well,Un-treated,28.60,6.20,5.05,7.80,149.00,80.00,1.10,3.87,34.13
Chhetrapati,Autumn,Dug well,Un-treated,27.90,2.50,1.09,7.50,199.00,90.00,1.00,5.64,65.12
Chhetrapati,Autumn,Dug well,Un-treated,25.60,4.10,2.07,7.60,143.00,69.00,1.40,14.51,56.90
