Branch,Season,Type,Sample,Temp,Turbidity,Colour,pH,Alkalinity,Hardness,Iron,Ammonia,Chloride,Chloride,Protozoa,Pathogenic,Non pathogenic
Tripureshwor,Spring,Tap water,Treated,25.1,1.1,0.17,7.2,223,198,0.5,0.29,21.89,21.89,Nil,0.00,0.00
Tripureshwor,Spring,Tap water,Treated,26.1,1.2,0.19,8.3,182,208,0.3,2.61,25.13,25.13,Nil,0.00,0.00
Tripureshwor,Spring,Tap water,Treated,26.7,2.1,1.13,7.5,254,122,0.1,0.82,156.2,156.20,Nil,0.00,0.00
Tripureshwor,Spring,Tap water,Treated,27.1,1.7,1.33,7.4,184,228,0.3,1.31,28.64,28.64,Nil,0.00,0.00
Tripureshwor,Spring,Tap water,Treated,28.2,1.8,2.15,7.6,103,337,0.8,0.89,88.29,88.29,Nil,0.00,0.00
Tripureshwor,Spring,Tap water,Treated,29.2,3.5,2.23,7.1,96,381,0.2,0.68,38.31,38.31,Nil,0.00,0.00
Tripureshwor,Spring,Tap water,Treated,27.1,4.1,0.92,8.1,86,282,0.3,0.71,68.93,68.93,Nil,0.00,0.00
Tripureshwor,Spring,Tap water,Treated,29.1,2.2,1.71,8.2,166,233,0.2,0.36,96.11,96.11,Nil,0.00,0.00
Tripureshwor,Spring,Tap water,Treated,28.9,2.3,2.12,7.7,124,177,0.2,0.46,97.76,97.76,Nil,0.00,0.00
Tripureshwor,Spring,Tap water,Treated,27.9,2.4,2.12,6.9,187,186,0.3,1.56,81.56,81.56,Nil,0.00,0.00
Tripureshwor,Spring,Tap water,Treated,25.7,2.5,1.91,6.8,108,187,0.1,2.31,27.96,27.96,Nil,0.00,0.00
Tripureshwor,Spring,Tap water,Treated,28.2,3.2,2.21,7.5,179,291,0.3,0.61,27.13,27.13,Nil,0.00,0.00
Tripureshwor,Spring,Tap water,Treated,26.2,4.2,1.62,7.5,158,166,0.2,0.57,78.94,78.94,Nil,0.00,0.00
Tripureshwor,Spring,Tap water,Treated,28.9,1.2,2.14,7.4,115,156,0.2,0.46,55.21,55.21,Nil,0.00,0.00
Tripureshwor,Spring,Tap water,Treated,26.9,1.4,1.55,7.7,191,136,0.2,3.2,86.91,86.91,Nil,0.00,0.00
Baneshwor,Spring,Tap water,Treated,25.4,1.5,0.76,7.1,108,122,0.3,0.13,26.81,26.81,Nil,0.00,0.00
Baneshwor,Spring,Tap water,Treated,27.9,2.2,0.33,7.6,201,211,0.3,1.17,25.98,25.98,Nil,0.00,0.00
Baneshwor,Spring,Tap water,Treated,28.9,1.6,1.12,7.3,201,183,0.2,0.46,26.83,26.83,Nil,0.00,0.00
Baneshwor,Spring,Tap water,Treated,27.9,1.8,2.19,7.5,101,217,0.3,0.39,80.94,80.94,Nil,0.00,0.00
Baneshwor,Spring,Tap water,Treated,29.1,2.1,1.65,7.5,168,172,0.2,0.48,85.66,85.66,Nil,0.00,0.00
Baneshwor,Spring,Tap water,Treated,28.4,1.1,4.12,7.8,188,243,0.2,2.15,66.7,66.70,Nil,0.00,0.00
Baneshwor,Spring,Tap water,Treated,28.6,1.1,3.22,7.5,242,423,0.2,0.36,28.64,28.64,Nil,0.00,0.00
Baneshwor,Spring,Tap water,Treated,29.5,2.1,1.11,7.5,109,238,0.1,0.48,24.89,24.89,Nil,0.00,0.00
Baneshwor,Spring,Tap water,Treated,26.9,3.1,2.11,7.5,113,188,0.2,0.38,37.19,37.19,Nil,0.00,0.00
Baneshwor,Spring,Tap water,Treated,26.8,1.1,0.18,7.5,102,172,0.3,0.5,39.24,39.24,Nil,0.00,0.00
Baneshwor,Spring,Tap water,Treated,28.3,2.9,0.29,7.8,105,185,0.4,1.34,28.48,28.48,Nil,0.00,0.00
Baneshwor,Spring,Tap water,Treated,28.9,4.3,2.01,6.2,171,312,0.1,2.2,89.72,89.72,Nil,0.00,0.00
Baneshwor,Spring,Tap water,Treated,27.6,2.2,3.33,7.6,106,234,0.6,2.11,81.92,81.92,Nil,0.00,0.00
Baneshwor,Spring,Tap water,Treated,26.8,7.1,5.2,6.8,191,322,0.3,0.12,87.62,87.62,Nil,0.00,0.00
Baneshwor,Spring,Tap water,Treated,29.1,2.8,1.9,6.7,118,133,0.1,2.11,28.93,28.93,Nil,0.00,0.00
Bansbari,Spring,Tap water,Treated,28.6,1.1,0.17,6.8,208,192,0.1,0.17,16.98,16.98,Nil,0.00,0.00
Bansbari,Spring,Tap water,Treated,29.7,2.2,1.11,7.8,208,322,0.1,2.78,29.32,29.32,Nil,0.00,0.00
Bansbari,Spring,Tap water,Treated,28.6,2.9,2.12,8.7,133,192,0.3,1.41,38.42,38.42,Nil,0.00,0.00
Bansbari,Spring,Tap water,Treated,27.5,1.1,1.11,6.8,222,243,0.4,3.01,28.68,28.68,Nil,0.00,0.00
Bansbari,Spring,Tap water,Treated,28.4,1.1,3.21,7.9,217,304,0.1,0.54,76.16,76.16,Nil,0.00,0.00
Bansbari,Spring,Tap water,Treated,29.2,1.9,1.76,7.6,19,213,0.4,0.65,38.79,38.79,Nil,0.00,0.00
Bansbari,Spring,Tap water,Treated,27.3,4.2,1.32,7.7,196,29,0.2,0.28,97.94,97.94,Nil,0.00,0.00
Bansbari,Spring,Tap water,Treated,26.3,2.3,3.22,7.8,207,78,0.3,0.28,77.91,77.91,Nill,0.00,0.00
Bansbari,Spring,Tap water,Treated,26.2,1.1,2.15,7.7,103,98,0.2,0.02,68.51,68.51,Nil,0.00,0.00
Bansbari,Spring,Tap water,Treated,26.8,2.1,4.26,7.1,294,371,0.4,0.9,81.23,81.23,Nil,0.00,0.00
Bansbari,Spring,Tap water,Treated,29.1,3.1,3.22,8.1,197,253,0.3,0.34,68.62,68.62,Nil,0.00,0.00
Bansbari,Spring,Tap water,Treated,29.1,2.1,1.12,7.6,152,163,0.3,0.18,71.79,71.79,Nill,0.00,0.00
Bansbari,Spring,Tap water,Treated,28.2,1.1,2.21,7.5,184,199,0.2,0.29,66.92,66.92,Nil,0.00,0.00
Bansbari,Spring,Tap water,Treated,27.3,6.2,7.21,7.8,332,188,0.3,2.15,31.13,31.13,Nil,0.00,0.00
Bansbari,Spring,Tap water,Treated,28.5,1.4,0.78,7.5,103,331,0.2,1.81,89.67,89.67,Nil,0.00,0.00
Chhetrapati,Spring,Tap water,Treated,27.2,1.9,0.19,7.5,108,463,0.2,0.35,52,52.00,Nil,0.00,0.00
Chhetrapati,Spring,Tap water,Treated,29.5,1.2,0.18,6.6,201,223,0.4,0.98,40.62,40.62,Nil,0.00,0.00
Chhetrapati,Spring,Tap water,Treated,28.1,3.1,0.12,8.7,169,242,0.1,0.81,29.79,29.79,Nil,0.00,0.00
Chhetrapati,Spring,Tap water,Treated,27.1,1.5,1.12,6.5,204,223,0.1,0.84,59.13,59.13,Nil,0.00,0.00
Chhetrapati,Spring,Tap water,Treated,29.5,1.1,2.12,7.4,212,162,0.2,0.41,42.16,42.16,Nil,0.00,0.00
Chhetrapati,Spring,Tap water,Treated,28.8,2.1,0.98,7.5,121,199,0.2,0.61,71.14,71.14,Nil,0.00,0.00
Chhetrapati,Spring,Tap water,Treated,28.3,1.9,1.11,7.5,179,142,0.3,0.41,38.27,38.27,Nil,0.00,0.00
Chhetrapati,Spring,Tap water,Treated,29.4,4.2,0.27,7.8,128,271,0.3,0.56,38.73,38.73,Nil,0.00,0.00
Chhetrapati,Spring,Tap water,Treated,28.3,2.1,0.92,6.1,133,201,0.2,0.29,62.87,62.87,Nil,0.00,0.00
Chhetrapati,Spring,Tap water,Treated,29.4,3.2,1.11,7.5,178,271,0.3,0.93,97.58,97.58,Nil,0.00,0.00
Chhetrapati,Spring,Tap water,Treated,27.5,1.2,0.97,8.8,211,172,0.2,0.22,43.69,43.69,Nil,0.00,0.00
Chhetrapati,Spring,Tap water,Treated,28.4,1.5,1.11,8.6,172,198,0.2,0.31,61.04,61.04,Nil,0.00,0.00
Chhetrapati,Spring,Tap water,Treated,28.6,2.1,2.19,6.7,202,273,0.2,0.62,52.64,52.64,Nil,0.00,0.00
Chhetrapati,Spring,Tap water,Treated,27.6,1.9,2.11,6.6,202,78,0.2,2.21,58.69,58.69,Nil,0.00,0.00
Chhetrapati,Spring,Tap water,Treated,28.7,6.8,5.33,6.8,171,225,0.3,2.17,32.14,32.14,Amoeba proteus,0.00,1.00
Tripureshwor,Spring,Tube-well,Un-treated,24.9,2.8,0.8,6.8,226,296,1.1,19.74,73.46,73.46,Nil,0.00,0.00
Tripureshwor,Spring,Tube-well,Un-treated,24.8,1.9,1.2,7.2,202,153,0.9,12.54,66.29,66.29,Nil,0.00,0.00
Tripureshwor,Spring,Tube-well,Un-treated,25.7,0.1,0.7,8.7,342,221,0.1,13.14,79.22,79.22,Nil,0.00,0.00
Tripureshwor,Spring,Tube-well,Un-treated,25.8,0.3,0.8,6.3,113,271,0.2,11.01,56.18,56.18,Nil,0.00,0.00
Tripureshwor,Spring,Tube-well,Un-treated,26.8,1.1,1.2,6.8,210,94,1.6,8.22,66.17,66.17,Nil,0.00,0.00
Tripureshwor,Spring,Tube-well,Un-treated,24.9,0.9,1.2,7.6,173,108,0.3,9.21,16.64,16.64,Nil,0.00,0.00
Tripureshwor,Spring,Tube-well,Un-treated,28.5,2.1,2.1,8.5,142,159,0.8,3.83,86.34,86.34,Nil,0.00,0.00
Tripureshwor,Spring,Tube-well,Un-treated,28.4,0.7,0.4,8.6,167,68,1.2,1.66,58.76,58.76,Nill,0.00,0.00
Tripureshwor,Spring,Tube-well,Un-treated,25.9,0.2,0.9,6.7,122,107,0.3,3.21,54.98,54.98,Nil,0.00,0.00
Tripureshwor,Spring,Tube-well,Un-treated,28.7,3.1,1.1,7.7,221,129,0.5,1.38,38.76,38.76,Nil,0.00,0.00
Tripureshwor,Spring,Tube-well,Un-treated,28.8,0.4,0.2,8.6,111,169,1,11.48,68.33,68.33,Nil,0.00,0.00
Tripureshwor,Spring,Tube-well,Un-treated,28.4,1.1,0.6,7.5,211,191,0.4,2.16,55.76,55.76,Nill,0.00,0.00
Tripureshwor,Spring,Tube-well,Un-treated,29.1,0.9,0.3,6.5,171,222,0.2,3.86,33.85,33.85,Nil,0.00,0.00
Tripureshwor,Spring,Tube-well,Un-treated,29.1,1.1,0.1,8.8,206,172,0.3,11.03,66.91,66.91,Nil,0.00,0.00
Tripureshwor,Spring,Tube-well,Un-treated,26.3,6.1,5.8,8.6,181,205,0.2,1.61,16.78,16.78,Nil,0.00,0.00
Baneshwor,Spring,Tube-well,Un-treated,26.3,3.2,0.6,6.5,180,338,0.3,33.54,76.68,76.68,Nil,0.00,0.00
Baneshwor,Spring,Tube-well,Un-treated,26.8,1.1,1.1,8.7,231,283,2.1,43.63,87.97,87.97,Nil,0.00,0.00
Baneshwor,Spring,Tube-well,Un-treated,27.9,2.1,0.9,8.5,206,295,1,1.09,43.93,43.93,Nil,0.00,0.00
Baneshwor,Spring,Tube-well,Un-treated,28.5,4.1,0.6,7.6,279,280,0.1,1.12,23.21,23.21,Nil,0.00,0.00
Baneshwor,Spring,Tube-well,Un-treated,27.4,1.1,0.5,7.5,171,220,0.4,4.29,62.12,62.12,Nil,0.00,0.00
Baneshwor,Spring,Tube-well,Un-treated,26.4,2.1,1.1,6.8,108,271,0.3,3.59,97.42,97.42,Nil,0.00,0.00
Baneshwor,Spring,Tube-well,Un-treated,25.8,2.7,2.1,7.5,192,581,0.3,1.11,20.11,20.11,Nil,0.00,0.00
Baneshwor,Spring,Tube-well,Un-treated,27.4,1.9,1.6,7.7,113,163,1,1.09,43.19,43.19,Nill,0.00,0.00
Baneshwor,Spring,Tube-well,Un-treated,26.5,3.3,2.7,7.5,129,387,1,11.43,89.12,89.12,Nil,0.00,0.00
Baneshwor,Spring,Tube-well,Un-treated,25.5,2.1,3.2,7.3,209,266,0.4,6.22,23.12,23.12,Nil,0.00,0.00
Baneshwor,Spring,Tube-well,Un-treated,28.1,2.1,1.2,6.8,115,291,0.3,2.09,61.18,61.18,Nil,0.00,0.00
Baneshwor,Spring,Tube-well,Un-treated,27.4,1.2,3.3,6.7,116,141,0.3,11.9,89.12,89.12,Nil,0.00,0.00
Baneshwor,Spring,Tube-well,Un-treated,28.3,3.1,1.5,7.8,128,173,0.4,3.56,63.27,63.27,Nil,0.00,0.00
Baneshwor,Spring,Tube-well,Un-treated,27.9,4.1,2.2,8.5,200,179,0.3,9.11,73.11,73.11,Nil,0.00,0.00
Baneshwor,Spring,Tube-well,Un-treated,28.5,6.5,5.6,6.5,127,161,1.2,2.98,79.11,79.11,Nil,0.00,0.00
Bansbari,Spring,Tube-well,Un-treated,27.6,4.1,0.1,7.6,123,274,1.2,3.08,69.48,69.48,Nil,0.00,0.00
Bansbari,Spring,Tube-well,Un-treated,26.5,1.2,0.3,7.9,161,511,0.4,4.97,60.52,60.52,Nil,0.00,0.00
Bansbari,Spring,Tube-well,Un-treated,23.8,2.1,1.1,7.8,219,189,1.3,2.05,63.28,63.28,Nil,0.00,0.00
Bansbari,Spring,Tube-well,Un-treated,28.6,2.4,0.2,8.6,102,194,0.6,1.91,66.97,66.97,Nil,0.00,0.00
Bansbari,Spring,Tube-well,Un-treated,28.9,1.5,0.3,8.8,136,84,0.5,15.14,244.56,244.56,Nil,0.00,0.00
Bansbari,Spring,Tube-well,Un-treated,28.5,3.5,0.4,8.2,164,91,0.3,13.17,85.32,85.32,Nil,0.00,0.00
Bansbari,Spring,Tube-well,Un-treated,29.4,1.1,1.7,8.2,183,114,0.1,14.23,92.56,92.56,Nil,0.00,0.00
Bansbari,Spring,Tube-well,Un-treated,27.5,2.1,0.8,6.6,221,74,0.3,23.6,255.1,255.10,Nil,0.00,0.00
Bansbari,Spring,Tube-well,Un-treated,26.8,0.1,0.5,6.7,267,172,0.3,4.3,46.76,46.76,Nil,0.00,0.00
Bansbari,Spring,Tube-well,Un-treated,27.5,0.2,0.5,6.6,236,173,1.3,18.12,51.23,51.23,Nil,0.00,0.00
Bansbari,Spring,Tube-well,Un-treated,28.5,0.3,0.7,7.6,122,126,2,10.12,19.87,19.87,Nil,0.00,0.00
Bansbari,Spring,Tube-well,Un-treated,29.1,0.5,1.1,7.3,211,121,0.2,8.1,10.19,10.19,Nil,0.00,0.00
Bansbari,Spring,Tube-well,Un-treated,25.4,1.1,2.1,6.7,111,187,0.2,11.01,44.12,44.12,Nil,0.00,0.00
Bansbari,Spring,Tube-well,Un-treated,26.6,7.1,6.1,8.5,211,280,1,7.11,24.12,24.12,Nil,0.00,0.00
Bansbari,Spring,Tube-well,Un-treated,27.9,0.2,1.1,8.6,189,232,0.8,18.11,20.13,20.13,Amoeba proteus,0.00,1.00
Chhetrapati,Spring,Tube-well,Un-treated,28.1,2.2,0.1,7.5,201,128,1,15.43,53.97,53.97,Nil,0.00,0.00
Chhetrapati,Spring,Tube-well,Un-treated,25.9,3.2,0.4,6.8,221,211,0.2,14.58,71.89,71.89,Nil,0.00,0.00
Chhetrapati,Spring,Tube-well,Un-treated,29.2,4.2,1.1,8.6,104,210,0.6,12.07,78.64,78.64,Nil,0.00,0.00
Chhetrapati,Spring,Tube-well,Un-treated,28.3,1.1,2.1,7.5,244,370,0.3,21.23,82.31,82.31,Nil,0.00,0.00
Chhetrapati,Spring,Tube-well,Un-treated,27.3,2.1,0.5,7.6,194,253,0.3,25.18,33.55,33.55,Nil,0.00,0.00
Chhetrapati,Spring,Tube-well,Un-treated,26.7,2.2,1.9,8.7,81,162,1.3,29.9,42.87,42.87,Nil,0.00,0.00
Chhetrapati,Spring,Tube-well,Un-treated,29.8,1.1,2.1,7.3,222,121,0.9,27.6,70.61,70.61,Nil,0.00,0.00
Chhetrapati,Spring,Tube-well,Un-treated,29.4,4.1,0.9,7.8,289,170,2.2,20.1,70.34,70.34,Nil,0.00,0.00
Chhetrapati,Spring,Tube-well,Un-treated,26.8,1.1,0.8,7.5,140,121,0.1,31.44,54.63,54.63,Nil,0.00,0.00
Chhetrapati,Spring,Tube-well,Un-treated,29.4,2.1,1.2,6.5,113,91,1.4,26.89,78.12,78.12,Nil,0.00,0.00
Chhetrapati,Spring,Tube-well,Un-treated,26.4,2.1,2.1,6.9,215,61,0.2,21.12,67.67,67.67,Nil,0.00,0.00
Chhetrapati,Spring,Tube-well,Un-treated,27.3,3.3,0.6,6.5,114,131,0.1,0.19,63.89,63.89,Nil,0.00,0.00
Chhetrapati,Spring,Tube-well,Un-treated,26.5,7.1,6.5,5.8,125,111,0.2,0.39,64.38,64.38,Nil,0.00,0.00
Chhetrapati,Spring,Tube-well,Un-treated,26.6,1.1,0.8,8.7,121,182,0.4,0.91,67.9,67.90,Nil,0.00,0.00
Chhetrapati,Spring,Tube-well,Un-treated,25.5,2.1,1.1,6.5,210,126,0.2,20.47,50.89,50.89,Nil,0.00,0.00
Tripureshwor,Spring,Dug well,Un-treated,25.5,3.2,2.1,8.6,163,318,0.6,10.32,63.92,63.92,Nil,0.00,0.00
Tripureshwor,Spring,Dug well,Un-treated,29.1,1.2,0.4,7.6,147,410,1,3.04,51.93,51.93,Nil,0.00,0.00
Tripureshwor,Spring,Dug well,Un-treated,29.4,2.1,0.9,6.6,127,502,2,11.04,76.91,76.91,Nil,0.00,0.00
Tripureshwor,Spring,Dug well,Un-treated,28.5,1.1,1.8,8.7,222,592,0.6,117.8,61.41,61.41,Nil,0.00,0.00
Tripureshwor,Spring,Dug well,Un-treated,29.7,2.1,0.6,8.4,86,301,0.2,23.12,76.12,76.12,Nil,0.00,0.00
Tripureshwor,Spring,Dug well,Un-treated,28.3,2.1,0.4,8.6,818,285,1.3,13.01,88.7,88.70,Nil,0.00,0.00
Tripureshwor,Spring,Dug well,Un-treated,27.5,4.1,3.2,8.6,293,310,2,12.98,34.73,34.73,"P. caudatum, A. proteus",0.00,1.00
Tripureshwor,Spring,Dug well,Un-treated,28.5,2.4,4.3,6.7,172,288,0.2,123.53,33.91,33.91,Nil,0.00,0.00
Tripureshwor,Spring,Dug well,Un-treated,29.5,2.2,2.2,8.5,166,194,1,11.2,55.94,55.94,Nil,0.00,0.00
Tripureshwor,Spring,Dug well,Un-treated,28.5,1.2,3.4,8.6,209,179,0.2,188.05,45.66,45.66,Nil,0.00,0.00
Tripureshwor,Spring,Dug well,Un-treated,26.4,3.1,2.3,6.6,119,138,2,0.22,64.21,64.21,Nil,0.00,0.00
Tripureshwor,Spring,Dug well,Un-treated,25.8,2.5,4.3,7.7,1181,166,0.3,11.8,55.32,55.32,Nil,0.00,0.00
Tripureshwor,Spring,Dug well,Un-treated,28.4,1.2,1.2,5.8,198,131,2.1,2.12,77.33,77.33,Nil,0.00,0.00
Tripureshwor,Spring,Dug well,Un-treated,27.4,6.7,7.1,6.6,293,154,0,2.13,133.98,133.98,Nil,0.00,0.00
Tripureshwor,Spring,Dug well,Un-treated,28.2,6.9,7.8,8.3,280,513,3,1.15,251.9,251.90,Nil,0.00,0.00
Baneshwor,Spring,Dug well,Un-treated,27.6,3.2,2.3,7.3,201,521,0.4,12.32,81.61,81.61,Nil,0.00,0.00
Baneshwor,Spring,Dug well,Un-treated,27.5,2.7,1.2,8.6,157,179,0.1,96.31,71.2,71.20,Nil,0.00,0.00
Baneshwor,Spring,Dug well,Un-treated,26.9,2.8,2.1,6.2,183,179,1.3,7.12,146.44,146.44,Nil,0.00,0.00
Baneshwor,Spring,Dug well,Un-treated,25.7,1.3,1.2,7.6,1095,199,2.3,13.13,50.42,50.42,Nil,0.00,0.00
Baneshwor,Spring,Dug well,Un-treated,26.5,4.3,3.1,7.3,187,178,1,0.18,59.12,59.12,Nil,0.00,0.00
Baneshwor,Spring,Dug well,Un-treated,27.6,2.3,1.2,7.4,162,196,1.3,11.16,56.73,56.73,Nil,0.00,0.00
Baneshwor,Spring,Dug well,Un-treated,27.5,5.7,6.5,8.6,175,175,0.5,19.19,78.33,78.33,Nil,0.00,0.00
Baneshwor,Spring,Dug well,Un-treated,26.8,2.9,1.9,8.7,261,597,0.2,7.81,73.44,73.44,Nil,0.00,0.00
Baneshwor,Spring,Dug well,Un-treated,28.9,1.9,2.1,8.6,238,186,0.4,17.19,89.11,89.11,Nil,0.00,0.00
Baneshwor,Spring,Dug well,Un-treated,28.6,7.2,6.3,8.5,179,284,0.3,12.16,65.23,65.23,Nil,0.00,0.00
Baneshwor,Spring,Dug well,Un-treated,29.7,1.3,1.2,8.4,136,179,1,17.75,69.36,69.36,Nil,0.00,0.00
Baneshwor,Spring,Dug well,Un-treated,28.6,3.3,2.2,6.3,198,197,1,11.38,66.81,66.81,Nill,0.00,0.00
Baneshwor,Spring,Dug well,Un-treated,26.5,2.9,2.2,8.1,201,183,0.2,112.51,79.33,79.33,"Giardia lamblia, A. proteus",1.00,1.00
Baneshwor,Spring,Dug well,Un-treated,26.5,7.3,6.1,7.6,208,152,0.4,172.33,67.11,67.11,Nil,0.00,0.00
Baneshwor,Spring,Dug well,Un-treated,27.9,1.9,1.2,7.7,241,169,2,149.77,260.12,260.12,Nil,0.00,0.00
Bansbari,Spring,Dug well,Un-treated,26.6,2.3,1.11,7.7,204,208,0.7,56.65,86.62,86.62,Nil,0.00,0.00
Bansbari,Spring,Dug well,Un-treated,27.6,1.2,2.12,6.6,240,347,1,49.07,67.98,67.98,Nil,0.00,0.00
Bansbari,Spring,Dug well,Un-treated,25.5,4.2,3.21,8.7,251,121,3.2,42.98,75.53,75.53,Nil,0.00,0.00
Bansbari,Spring,Dug well,Un-treated,27.5,1.3,2.21,8.6,119,266,0.1,36.36,65.68,65.68,Nil,0.00,0.00
Bansbari,Spring,Dug well,Un-treated,28.5,2.2,1.02,7.8,134,571,3.1,11.08,67.18,67.18,Nil,0.00,0.00
Bansbari,Spring,Dug well,Un-treated,25.9,4.1,2.21,8.6,169,312,0.1,11.13,23.58,23.58,Nil,0.00,0.00
Bansbari,Spring,Dug well,Un-treated,28.9,1.1,1.09,6.6,240,268,0.3,0.04,56.64,56.64,Nil,0.00,0.00
Bansbari,Spring,Dug well,Un-treated,27.6,2.2,2.08,7.2,108,492,0.3,7.06,64.44,64.44,Nil,0.00,0.00
Bansbari,Spring,Dug well,Un-treated,27.4,2.8,1.2,7.8,291,251,0.2,4.33,50.83,50.83,Nil,0.00,0.00
Bansbari,Spring,Dug well,Un-treated,25.4,3.1,2.2,7.8,201,238,0.2,9.04,75.71,75.71,"P. caudatum, A. proteus",0.00,1.00
Bansbari,Spring,Dug well,Un-treated,29.7,7.4,6.7,7.4,121,159,0.3,11.42,66.95,66.95,Nil,0.00,0.00
Bansbari,Spring,Dug well,Un-treated,27.5,2.2,1.2,8.6,149,218,0.1,13.32,66.65,66.65,Nil,0.00,0.00
Bansbari,Spring,Dug well,Un-treated,29.3,1.2,1.1,7.8,231,251,2,0.84,77.66,77.66,Nil,0.00,0.00
Bansbari,Spring,Dug well,Un-treated,28.5,5.5,6.1,8.6,211,341,3.2,2.01,67.82,67.82,Nil,0.00,0.00
Bansbari,Spring,Dug well,Un-treated,25.9,1.4,1.2,6.6,114,591,1,0.01,65.16,65.16,Nil,0.00,0.00
Chhetrapati,Spring,Dug well,Un-treated,25.9,2.9,1.09,7,283,278,1,8.64,76.69,76.69,Nil,0.00,0.00
Chhetrapati,Spring,Dug well,Un-treated,25.9,1.3,2.11,8.8,191,585,0.3,21.93,54.68,54.68,Nil,0.00,0.00
Chhetrapati,Spring,Dug well,Un-treated,29.5,2.2,2.04,7.1,169,361,1.1,13.11,61.67,61.67,Nil,0.00,0.00
Chhetrapati,Spring,Dug well,Un-treated,28.5,3.1,1.23,6.4,72,595,1.1,19.42,76.98,76.98,"A. proteus, P. caudatum",0.00,1.00
Chhetrapati,Spring,Dug well,Un-treated,25.4,2.6,2.23,8.7,91,342,0.1,42.58,80.12,80.12,Nil,0.00,0.00
Chhetrapati,Spring,Dug well,Un-treated,27.8,2.9,3.12,6.2,213,232,0.3,76.35,91.98,91.98,Nil,0.00,0.00
Chhetrapati,Spring,Dug well,Un-treated,29.4,3.8,2.12,6.2,1163,211,0.4,112.35,77.94,77.94,Nil,0.00,0.00
Chhetrapati,Spring,Dug well,Un-treated,29.7,1.2,2.11,6.3,563,162,0.3,26.12,88.14,88.14,Nil,0.00,0.00
Chhetrapati,Spring,Dug well,Un-treated,28.5,3.2,3.14,7.5,163,591,2,75.53,79.9,79.90,Nil,0.00,0.00
Chhetrapati,Spring,Dug well,Un-treated,25.7,2.1,2.21,6.4,163,176,0.3,116.16,75.9,75.90,Nil,0.00,0.00
Chhetrapati,Spring,Dug well,Un-treated,26.5,3.2,2.08,5.9,149,393,2.3,56.31,86.54,86.54,Nil,0.00,0.00
Chhetrapati,Spring,Dug well,Un-treated,26.7,4.2,3.2,6.6,163,261,1.2,11.15,48.98,48.98,Nil,0.00,0.00
Chhetrapati,Spring,Dug well,Un-treated,25.9,5.7,6.15,7.6,199,180,1.1,2.87,74.1,74.10,Nil,0.00,0.00
Chhetrapati,Spring,Dug well,Un-treated,28.9,6.7,7.12,7.9,179,190,1,7.64,55.72,55.72,Nil,0.00,0.00
Chhetrapati,Spring,Dug well,Un-treated,29.3,1.2,1.4,6.6,153,67,1.1,24.51,57.45,57.45,Nil,0.00,0.00
Tripureshwor,Summer,Tap water,Treated,28.4,1.9,0.12,8.1,80,88,0.3,0.14,12.04,33.00,Amoeba proteus,0,1
Tripureshwor,Summer,Tap water,Treated,27.9,1.2,0.18,8.1,97,89,0.5,0.13,8.05,8.05,Nil,0.00,0.00
Tripureshwor,Summer,Tap water,Treated,30.2,1.5,1.11,8.3,87,87,0.1,0.24,10.03,10.03,Nil,0.00,0.00
Tripureshwor,Summer,Tap water,Treated,29.9,1.2,2.1,8.6,93,93,0.1,0.13,16.02,16.02,Nil,0.00,0.00
Tripureshwor,Summer,Tap water,Treated,28.2,2.1,3.13,8.4,98,93,0.1,0.14,82.03,82.03,Nil,0.00,0.00
Tripureshwor,Summer,Tap water,Treated,29.9,1.8,1.24,8.5,257,84,0.4,3.76,83.1,83.10,Nil,0.00,0.00
Tripureshwor,Summer,Tap water,Treated,27.8,3.2,0.33,7.8,81,79,0.1,2.57,12.01,12.01,Nil,0.00,0.00
Tripureshwor,Summer,Tap water,Treated,28.9,2.1,3.32,8.1,83,81,0.1,0.11,13.01,13.01,Nil,0.00,0.00
Tripureshwor,Summer,Tap water,Treated,29.1,1.2,1.55,8.3,81,83,0,0.13,13.01,13.01,Nil,0.00,0.00
Tripureshwor,Summer,Tap water,Treated,28.6,1.3,0.09,7.7,79,83,0.5,0.11,75.01,75.01,Nil,0.00,0.00
Tripureshwor,Summer,Tap water,Treated,29.3,5.2,5.61,8.8,92,84,0.3,0.34,76.01,76.01,Nil,0.00,0.00
Tripureshwor,Summer,Tap water,Treated,28.8,2.3,0.92,8.3,91,91,0,2.14,73.01,73.01,Nil,0.00,0.00
Tripureshwor,Summer,Tap water,Treated,29.1,1.1,0.22,8.1,81,90,0,3.14,8.1,8.10,Nil,0.00,0.00
Tripureshwor,Summer,Tap water,Treated,27.8,4.1,1.2,8.2,88,92,0,0.12,8.13,8.13,Nil,0.00,0.00
Tripureshwor,Summer,Tap water,Treated,28.7,2.1,2.1,8.8,93,93,0,0.12,9.1,9.10,Nil,0.00,0.00
Baneshwor,Summer,Tap water,Treated,28.9,2.1,0.92,8.6,550,99,0.3,5.6,12.5,12.50,Nil,0.00,0.00
Baneshwor,Summer,Tap water,Treated,27.6,1.2,0.19,8.3,600,350,0,4.9,15.12,15.12,Nil,0.00,0.00
Baneshwor,Summer,Tap water,Treated,29.1,1.2,1.11,7.9,921,321,0,0.89,18.12,18.12,Nil,0.00,0.00
Baneshwor,Summer,Tap water,Treated,27.6,1.9,2.11,8.6,1010,396,0.9,5.1,82.1,82.10,Nil,0.00,0.00
Baneshwor,Summer,Tap water,Treated,28.4,3.3,0.16,8.7,1122,49,0.9,0.14,80.1,80.10,Nil,0.00,0.00
Baneshwor,Summer,Tap water,Treated,28.9,1.1,0.17,8.1,84,86,0.1,0.32,63.4,63.40,Nil,0.00,0.00
Baneshwor,Summer,Tap water,Treated,29.6,4.1,1.19,8.2,92,75,0.2,3.76,14.32,14.32,Nil,0.00,0.00
Baneshwor,Summer,Tap water,Treated,30.3,2.1,0.29,8,96,331,0.1,3.86,16.02,16.02,Nil,0.00,0.00
Baneshwor,Summer,Tap water,Treated,28.2,3.1,0.56,8.1,84,401,0.5,4.12,18.12,18.12,A. proteus,0.00,1.00
Baneshwor,Summer,Tap water,Treated,29.3,1.9,3.12,8.9,92,333,0.7,0.01,7.02,7.02,Nil,0.00,0.00
Baneshwor,Summer,Tap water,Treated,29.1,3.1,0.98,8.6,93,301,0.1,0.76,7.02,7.02,Nil,0.00,0.00
Baneshwor,Summer,Tap water,Treated,30.2,2.1,0.12,8.3,1001,209,0.4,0.11,8.02,8.02,Nil,0.00,0.00
Baneshwor,Summer,Tap water,Treated,28.9,3.3,1.03,8.1,206,101,0.1,0.72,12.02,12.02,Nil,0.00,0.00
Baneshwor,Summer,Tap water,Treated,27.8,1.1,1.07,8.3,309,310,0.3,0.24,14.03,14.03,Nil,0.00,0.00
Baneshwor,Summer,Tap water,Treated,30.2,4.1,2.1,7.6,118,451,0.1,0.3,16.08,16.08,Nil,0.00,0.00
Bansbari,Summer,Tap water,Treated,28.5,1.1,0.19,8.2,215,98,0.3,0.06,98.1,98.10,Nil,0.00,0.00
Bansbari,Summer,Tap water,Treated,30.2,2.1,0.45,7.6,301,88,0.5,0.14,97.13,97.13,Nil,0.00,0.00
Bansbari,Summer,Tap water,Treated,30.2,1.2,1.99,8.3,80,318,0.5,0.24,18.12,18.12,Nil,0.00,0.00
Bansbari,Summer,Tap water,Treated,29.4,0.9,1.12,8,98,216,0.1,0.32,19.14,19.14,Nil,0.00,0.00
Bansbari,Summer,Tap water,Treated,29.3,1.1,0.98,8.6,76,116,0,0.42,21.28,21.28,Nil,0.00,0.00
Bansbari,Summer,Tap water,Treated,27.9,0.7,0.87,8.5,80,192,0.4,0.12,32.42,32.42,Nil,0.00,0.00
Bansbari,Summer,Tap water,Treated,28.4,2.1,2.11,8.1,301,91,0.1,0.07,30.41,30.41,Nil,0.00,0.00
Bansbari,Summer,Tap water,Treated,29.3,3.1,2.23,7.9,97,87,0.1,0.03,31.42,31.42,Nil,0.00,0.00
Bansbari,Summer,Tap water,Treated,30.2,4.3,1.45,7.8,86,88,0.1,0.04,10.12,10.12,Nil,0.00,0.00
Bansbari,Summer,Tap water,Treated,32.2,1.2,0.15,6.5,81,83,0.4,0.04,12.14,12.14,Nil,0.00,0.00
Bansbari,Summer,Tap water,Treated,29.3,2.1,0.93,6.3,93,96,0.5,0.12,13.18,13.18,"A. proteus, P. caudatum",0.00,1.00
Bansbari,Summer,Tap water,Treated,29.3,1.1,3.12,5.4,94,121,0,0.08,14.18,14.18,Nil,0.00,0.00
Bansbari,Summer,Tap water,Treated,28.4,0.9,2.13,8.1,81,301,0,0.06,16.19,16.19,Nil,0.00,0.00
Bansbari,Summer,Tap water,Treated,29.7,1.2,1.24,8.3,80,81,0.1,0.07,27.18,27.18,Nil,0.00,0.00
Bansbari,Summer,Tap water,Treated,30.1,0.9,2.11,8.4,83,92,0,0.81,20.11,20.11,Nil,0.00,0.00
Chhetrapati,Summer,Tap water,Treated,28.7,2,0.09,7.2,46,84,0.1,0.14,8.76,8.76,Nil,0.00,0.00
Chhetrapati,Summer,Tap water,Treated,29.2,1.9,1.22,7.6,42,96,0.1,0.17,8.73,8.73,Nil,0.00,0.00
Chhetrapati,Summer,Tap water,Treated,28.4,2.1,0.45,7.4,32,73,0.1,0.36,7.54,7.54,Nil,0.00,0.00
Chhetrapati,Summer,Tap water,Treated,29.3,1.4,0.09,7.3,33,63,0.1,3.06,7.56,7.56,Nil,0.00,0.00
Chhetrapati,Summer,Tap water,Treated,28.6,3.2,0.23,7.4,36,83,0.2,0.01,7.26,7.26,Nil,0.00,0.00
Chhetrapati,Summer,Tap water,Treated,29.3,1.2,2.3,7.5,80,74,0.4,0.02,12.16,12.16,Nil,0.00,0.00
Chhetrapati,Summer,Tap water,Treated,29.3,1.8,1.12,6.5,49,56,0.9,0.02,9.29,9.29,Nil,0.00,0.00
Chhetrapati,Summer,Tap water,Treated,29.4,1.9,0.29,8.6,140,172,0.2,2.11,8.11,8.11,"G. lamblia, A.proteus",1.00,0.00
Chhetrapati,Summer,Tap water,Treated,30.2,1.2,1.33,7.4,20,81,0.1,0.02,18.12,18.12,Nil,0.00,0.00
Chhetrapati,Summer,Tap water,Treated,31.3,1.6,1.91,6.8,38,76,0.1,0.01,18.01,18.01,Nil,0.00,0.00
Chhetrapati,Summer,Tap water,Treated,29.3,2.1,0.67,6.3,31,69,0.2,0.01,7.63,7.63,Nil,0.00,0.00
Chhetrapati,Summer,Tap water,Treated,29.3,3.2,0.89,7.2,30,63,0.1,0.02,7.53,7.53,Nil,0.00,0.00
Chhetrapati,Summer,Tap water,Treated,29.3,1.9,0.35,7.8,35,53,0.3,0.01,9.43,9.43,Nil,0.00,0.00
Chhetrapati,Summer,Tap water,Treated,30.2,2.1,0.78,7.8,28,63,0.4,0.01,7.56,7.56,Nil,0.00,0.00
Chhetrapati,Summer,Tap water,Treated,28.6,6.1,0.93,7.3,20,66,0.4,0.02,7.01,7.01,Nil,0.00,0.00
Tripureshwor,Summer,Tube-well,Un-treated,28.9,2.1,0.54,8.1,228,347,2,129,58.01,58.01,Nil,0.00,0.00
Tripureshwor,Summer,Tube-well,Un-treated,28.6,3.1,1.23,8.3,221,246,2,121,56.01,56.01,Nil,0.00,0.00
Tripureshwor,Summer,Tube-well,Un-treated,29.4,2.1,0.31,8.6,178,309,2.5,191,61.52,61.52,Nil,0.00,0.00
Tripureshwor,Summer,Tube-well,Un-treated,27.4,4.1,1.23,8.4,98,344,3.4,3.04,63.2,63.20,Nil,0.00,0.00
Tripureshwor,Summer,Tube-well,Un-treated,30.2,6.2,5.12,8.5,129,358,3.5,10.01,58.01,58.01,Nil,0.00,0.00
Tripureshwor,Summer,Tube-well,Un-treated,29.9,1.6,4.32,8.4,201,356,2,3.05,62.01,62.01,Nil,0.00,0.00
Tripureshwor,Summer,Tube-well,Un-treated,31.3,3.1,2.12,8.3,209,316,2,9.88,73.01,73.01,Nil,0.00,0.00
Tripureshwor,Summer,Tube-well,Un-treated,29.1,1.2,3.23,7.5,342,325,3,12.11,78.1,78.10,Nil,0.00,0.00
Tripureshwor,Summer,Tube-well,Un-treated,27.8,2.3,1.23,7.9,301,314,3,12.15,65.02,65.02,Nil,0.00,0.00
Tripureshwor,Summer,Tube-well,Un-treated,30.1,1.4,0.98,8.3,206,398,3,19.01,58.02,58.02,Nil,0.00,0.00
Tripureshwor,Summer,Tube-well,Un-treated,29.4,3.6,0.24,7.2,92,201,2,3.02,60.01,60.01,Nil,0.00,0.00
Tripureshwor,Summer,Tube-well,Un-treated,28.3,1.2,1.34,7.3,301,320,1.1,3.08,58.02,58.02,A. proteus ,0.00,1.00
Tripureshwor,Summer,Tube-well,Un-treated,28.3,2.3,2.33,8.1,201,128,2.9,6.01,69.01,69.01,Nil,0.00,0.00
Tripureshwor,Summer,Tube-well,Un-treated,29.4,6.4,5.63,7.3,102,301,3,6.01,72.01,72.01,Nil,0.00,0.00
Tripureshwor,Summer,Tube-well,Un-treated,29.4,3.4,2.31,7.9,302,298,3,3.2,70.01,70.01,Nil,0.00,0.00
Baneshwor,Summer,Tube-well,Un-treated,28.9,2.3,0.23,8.6,98,578,4.2,5.4,65.01,65.01,Nil,0.00,0.00
Baneshwor,Summer,Tube-well,Un-treated,30.2,2.5,0.78,8.6,921,601,4.1,6.01,68.01,68.01,Nil,0.00,0.00
Baneshwor,Summer,Tube-well,Un-treated,29.9,1.3,1.12,8.6,928,83,"2,90",10.91,71.23,71.23,Nil,0.00,0.00
Baneshwor,Summer,Tube-well,Un-treated,28.9,2.3,0.98,8.6,1112,402,2.4,9.99,91.03,91.03,Nil,0.00,0.00
Baneshwor,Summer,Tube-well,Un-treated,27.8,4.5,1.23,8.6,1116,561,3.5,6.11,53.01,53.01,Nill,0.00,0.00
Baneshwor,Summer,Tube-well,Un-treated,30.1,6.9,7.12,8.6,920,633,5.5,10.93,69.01,69.01,Nil,0.00,0.00
Baneshwor,Summer,Tube-well,Un-treated,30.3,1.2,0.89,8.6,911,84,5.4,3.02,73.01,73.01,Nil,0.00,0.00
Baneshwor,Summer,Tube-well,Un-treated,29.4,3.4,0.78,8.6,87,137,5.3,5.01,63.2,63.20,Nill,0.00,0.00
Baneshwor,Summer,Tube-well,Un-treated,28.7,2.5,0.56,8.6,90,144,4.1,6.02,63.93,63.93,Nil,0.00,0.00
Baneshwor,Summer,Tube-well,Un-treated,30.2,3.2,1.23,8.6,99,192,2.3,7.02,44.02,44.02,A.proteus,0.00,1.00
Baneshwor,Summer,Tube-well,Un-treated,30.3,1.2,2.12,8.6,111,606,3.1,8.01,58.02,58.02,Nil,0.00,0.00
Baneshwor,Summer,Tube-well,Un-treated,29.3,1.3,2.13,8.6,60,554,2,3.02,56.02,56.02,Nill,0.00,0.00
Baneshwor,Summer,Tube-well,Un-treated,28.3,2.4,0.12,8.6,84,352,2.1,3.08,71.04,71.04,Nil,0.00,0.00
Baneshwor,Summer,Tube-well,Un-treated,30.3,2.1,0.33,8.6,92,456,2.1,4.11,81.03,81.03,Nil,0.00,0.00
Baneshwor,Summer,Tube-well,Un-treated,29.8,1.2,0.89,8.6,82,567,2.1,3.11,92.02,92.02,Nil,0.00,0.00
Bansbari,Summer,Tube-well,Un-treated,28.1,2.8,0.9,8.3,1214,554,3,130.11,70.41,70.41,Nil,0.00,0.00
Bansbari,Summer,Tube-well,Un-treated,29.9,2.3,0.2,8.6,1135,454,3.6,95.11,80.53,80.53,Nil,0.00,0.00
Bansbari,Summer,Tube-well,Un-treated,30.2,1.9,0.7,8.4,1011,366,3,90.11,91.11,91.11,Nil,0.00,0.00
Bansbari,Summer,Tube-well,Un-treated,28.1,1.5,1.1,6.5,87,70,3.2,15.01,96.12,96.12,Nil,0.00,0.00
Bansbari,Summer,Tube-well,Un-treated,29.8,3.2,2.1,7,137,75,2,10.1,76.11,76.11,Nil,0.00,0.00
Bansbari,Summer,Tube-well,Un-treated,28.7,2.9,2.3,8.4,901,431,2.2,3.04,61.12,61.12,Nil,0.00,0.00
Bansbari,Summer,Tube-well,Un-treated,29.9,2.7,0.8,8.6,139,92,2.5,6.56,91.11,91.11,Nil,0.00,0.00
Bansbari,Summer,Tube-well,Un-treated,28.8,2.1,0.3,8,1241,444,2.3,5.64,98.19,98.19,Nil,0.00,0.00
Bansbari,Summer,Tube-well,Un-treated,29.8,6.8,5.9,8.1,1112,361,2.3,8.3,90.11,90.11,Nil,0.00,0.00
Bansbari,Summer,Tube-well,Un-treated,29.1,2.3,1.5,7.6,811,321,2.9,4.56,80.11,80.11,Nil,0.00,0.00
Bansbari,Summer,Tube-well,Un-treated,30.1,2.2,0.1,8.6,89,81,3.1,6.51,91.02,91.02,Nil,0.00,0.00
Bansbari,Summer,Tube-well,Un-treated,27.9,1.5,0.9,8.7,91,70,4,7.11,93.01,93.01,Nil,0.00,0.00
Bansbari,Summer,Tube-well,Un-treated,28.5,3.3,0.7,8.6,103,86,4.1,3.44,94.11,94.11,Nil,0.00,0.00
Bansbari,Summer,Tube-well,Un-treated,30.2,3.7,1.1,8.6,101,83,4,4.41,91.22,91.22,Nil,0.00,0.00
Bansbari,Summer,Tube-well,Un-treated,28.4,4.7,0.6,8.9,196,96,2.8,3.2,93.01,93.01,Nil,0.00,0.00
Chhetrapati,Summer,Tube-well,Un-treated,29.8,2.1,0.1,8.7,139,550,3.3,129,56.02,56.02,"A proteus, G. lamblia",1.00,0.00
Chhetrapati,Summer,Tube-well,Un-treated,29.8,3.1,0.9,8.1,173,170,3.4,111,57.01,57.01,Nil,0.00,0.00
Chhetrapati,Summer,Tube-well,Un-treated,28.9,1.2,0.3,8,144,201,2.4,3.04,63.01,63.01,Nil,0.00,0.00
Chhetrapati,Summer,Tube-well,Un-treated,30.4,2.1,1.2,8.6,187,178,2.5,3.08,71.01,71.01,Nil,0.00,0.00
Chhetrapati,Summer,Tube-well,Un-treated,29.8,3.2,2.1,8.5,1110,192,2.3,10.11,61.01,61.01,Nil,0.00,0.00
Chhetrapati,Summer,Tube-well,Un-treated,28.6,1.1,0.9,8.3,187,182,2.4,12.04,58.63,58.63,Nil,0.00,0.00
Chhetrapati,Summer,Tube-well,Un-treated,28.5,2.2,0.8,5.5,1101,132,2.4,11.01,68.01,68.01,Nil,0.00,0.00
Chhetrapati,Summer,Tube-well,Un-treated,30.1,1.5,1.9,6.5,181,144,3,9.1,70.02,70.02,Nil,0.00,0.00
Chhetrapati,Summer,Tube-well,Un-treated,29.2,5.4,2.1,7.5,183,156,3.1,12.3,10.05,10.05,Nil,0.00,0.00
Chhetrapati,Summer,Tube-well,Un-treated,28.1,2.2,0.4,7.8,191,197,0.6,113,6.01,6.01,Nil,0.00,0.00
Chhetrapati,Summer,Tube-well,Un-treated,27.9,1.3,0.1,8.9,237,113,0.7,12.04,72.02,72.02,Nil,0.00,0.00
Chhetrapati,Summer,Tube-well,Un-treated,28.9,3.2,2.1,8,333,514,0.8,13.05,68.01,68.01,Nil,0.00,0.00
Chhetrapati,Summer,Tube-well,Un-treated,30.2,1.2,1.3,8.1,149,139,2.1,13.05,70.01,70.01,Nil,0.00,0.00
Chhetrapati,Summer,Tube-well,Un-treated,29.8,3.2,1.4,8.3,137,441,1.8,180,85.01,85.01,Nil,0.00,0.00
Chhetrapati,Summer,Tube-well,Un-treated,30.4,6.4,5.4,8.6,56,87,3,190,91.03,91.03,Nil,0.00,0.00
Tripureshwor,Summer,Dug well,Un-treated,30.4,2.8,0.3,8.6,1151,542,3,125,79,79.00,E. histolytica ,1.00,0.00
Tripureshwor,Summer,Dug well,Un-treated,29.5,2.9,1.1,8.5,137,443,3.1,133,80,80.00,Nil,0.00,0.00
Tripureshwor,Summer,Dug well,Un-treated,28.4,2.3,0.5,8.3,402,421,3,140,52,52.00,Nil,0.00,0.00
Tripureshwor,Summer,Dug well,Un-treated,30.2,2.1,2.2,8.7,321,70,2,10.01,14,14.00,Nil,0.00,0.00
Tripureshwor,Summer,Dug well,Un-treated,28.5,2.6,0.4,6.5,192,81,2,3.01,61,61.00,Nil,0.00,0.00
Tripureshwor,Summer,Dug well,Un-treated,29.4,1.9,0.9,8.6,198,93,0.4,3.8,63,63.00,"A. proteus ,P. caudatum",0.00,1.00
Tripureshwor,Summer,Dug well,Un-treated,28.6,3.2,0.5,8,192,411,1,15.1,69,69.00,Nil,0.00,0.00
Tripureshwor,Summer,Dug well,Un-treated,27.8,2.4,1.2,8.1,171,223,2.2,113,52,52.00,Nil,0.00,0.00
Tripureshwor,Summer,Dug well,Un-treated,29.4,4.1,2.2,8.3,277,132,2.6,92,63,63.00,Nil,0.00,0.00
Tripureshwor,Summer,Dug well,Un-treated,28.9,2.6,1.2,8.4,311,142,3,3.04,42,42.00,Nil,0.00,0.00
Tripureshwor,Summer,Dug well,Un-treated,29.8,6.5,7.8,8.6,298,152,1.1,33.1,14,14.00,Nil,0.00,0.00
Tripureshwor,Summer,Dug well,Un-treated,27.8,4.2,3.6,8.7,87,301,1.3,15.01,22,22.00,Nil,0.00,0.00
Tripureshwor,Summer,Dug well,Un-treated,30.1,2.3,1.3,8.9,98,101,3,4.01,61,61.00,Nil,0.00,0.00
Tripureshwor,Summer,Dug well,Un-treated,30.5,1.3,3.1,8.8,102,89,0.4,4.03,61,61.00,Nil,0.00,0.00
Tripureshwor,Summer,Dug well,Un-treated,30.2,2.3,0.9,8.7,300,92,2.3,6.01,29,29.00,Nil,0.00,0.00
Baneshwor,Summer,Dug well,Un-treated,29.7,2.2,2.12,8.2,1011,70,3,129,62.39,62.39,Nil,0.00,0.00
Baneshwor,Summer,Dug well,Un-treated,28.5,2.4,3.42,8.6,140,84,3.1,130,63.11,63.11,Nil,0.00,0.00
Baneshwor,Summer,Dug well,Un-treated,30.2,1.3,1.24,8..6,137,89,3,111,64.12,64.12,"E.histolytica, G. lamblia",1.00,0.00
Baneshwor,Summer,Dug well,Un-treated,28.9,2.5,3.21,8.7,87,137,2.5,187,58.11,58.11,Nil,0.00,0.00
Baneshwor,Summer,Dug well,Un-treated,30.2,6.2,5.74,8.7,52,84,0.5,192,59.11,59.11,Nil,0.00,0.00
Baneshwor,Summer,Dug well,Un-treated,29.4,2.1,1.09,8.6,92,72,0.6,92,56.11,56.11,Nil,0.00,0.00
Baneshwor,Summer,Dug well,Un-treated,29.6,4.2,2.19,8.7,806,56,0.4,81,54.11,54.11,Nil,0.00,0.00
Baneshwor,Summer,Dug well,Un-treated,28.5,1.2,2.29,8.8,702,89,1,110,59.11,59.11,Nill,0.00,0.00
Baneshwor,Summer,Dug well,Un-treated,29.8,3.2,1.03,8.9,720,501,1,139,54.26,54.26,Nil,0.00,0.00
Baneshwor,Summer,Dug well,Un-treated,30.1,1.2,2.21,6.7,929,106,2.6,144,53.11,53.11,"A. proteus ,P. caudatum",0.00,1.00
Baneshwor,Summer,Dug well,Un-treated,29.8,15.31,12.12,8.7,823,301,3,159,54.11,54.11,Nil,0.00,0.00
Baneshwor,Summer,Dug well,Un-treated,28.8,2.2,1.32,8.6,726,309,3.1,3.04,53.2,53.20,Nill,0.00,0.00
Baneshwor,Summer,Dug well,Un-treated,29.1,2.4,1.11,8.8,52,206,2.6,8.04,51.11,51.11,Nil,0.00,0.00
Baneshwor,Summer,Dug well,Un-treated,30.5,2.5,2.22,8.9,94,504,2.1,7.02,51.11,51.11,Nil,0.00,0.00
Baneshwor,Summer,Dug well,Un-treated,31.1,2.3,1.34,8.4,113,501,2.1,7.01,51.2,51.20,Nil,0.00,0.00
Bansbari,Summer,Dug well,Un-treated,30.4,2.9,1.02,8.6,1123,542,4.1,122.1,69.1,69.10,Nil,0.00,0.00
Bansbari,Summer,Dug well,Un-treated,28.9,3.1,2.68,8.7,984,96,4.1,112.12,72.19,72.19,Nil,0.00,0.00
Bansbari,Summer,Dug well,Un-treated,29.5,4.1,0.98,8.1,981,501,4,102.1,59.11,59.11,Nil,0.00,0.00
Bansbari,Summer,Dug well,Un-treated,28.7,1.2,1.58,8.6,1012,522,2.2,92.1,63.18,63.18,"E.histolytica, G. lamblia",1.00,0.00
Bansbari,Summer,Dug well,Un-treated,29.5,2.7,2.97,8,192,501,3,3.02,79.14,79.14,Nil,0.00,0.00
Bansbari,Summer,Dug well,Un-treated,30.1,2.2,3.29,7.5,139,96,1.4,3.17,60.84,60.84,Nil,0.00,0.00
Bansbari,Summer,Dug well,Un-treated,29.4,2.3,1.34,6.4,186,91,3.1,10.98,59.84,59.84,Nil,0.00,0.00
Bansbari,Summer,Dug well,Un-treated,30.1,11.2,9.98,7.3,191,101,4.1,19.11,61.89,61.89,Nil,0.00,0.00
Bansbari,Summer,Dug well,Un-treated,29.8,2.2,1.22,8.1,156,109,1.2,21.1,70.82,70.82,Nil,0.00,0.00
Bansbari,Summer,Dug well,Un-treated,30.1,1.8,2.22,8.6,144,84,2.2,33.1,80.41,80.41,Nil,0.00,0.00
Bansbari,Summer,Dug well,Un-treated,29.7,2.9,3.13,8.9,1011,70,2.4,14.19,92.22,92.22,Nil,0.00,0.00
Bansbari,Summer,Dug well,Un-treated,28.3,1.8,1.21,7.1,191,96,2.9,44.01,92.11,92.11,Nil,0.00,0.00
Bansbari,Summer,Dug well,Un-treated,30.2,2.3,2.34,6.9,302,91,2.3,56.1,61.12,61.12,"G. lamblia, ",1.00,0.00
Bansbari,Summer,Dug well,Un-treated,29.3,5.9,6.3,8.1,301,81,2.4,51.1,79.11,79.11,Nil,0.00,0.00
Bansbari,Summer,Dug well,Un-treated,29.8,1.2,1.3,8.9,1056,69,2.1,52.1,81.22,81.22,Nil,0.00,0.00
Chhetrapati,Summer,Dug well,Un-treated,30.1,2.8,1.11,8,1156,54,3.5,129.1,61.09,61.09,"E. histolytica, A. proteus, B. coli",1.00,1.00
Chhetrapati,Summer,Dug well,Un-treated,29.3,3.1,1.09,8.1,135,456,3.1,10.1,63.04,63.04,Nil,0.00,0.00
Chhetrapati,Summer,Dug well,Un-treated,28.4,4.2,2.12,8.6,236,312,2.2,3.04,61.06,61.06,Nil,0.00,0.00
Chhetrapati,Summer,Dug well,Un-treated,28.9,2.1,2.13,7.9,87,512,3.1,3.04,58.56,58.56,Nil,0.00,0.00
Chhetrapati,Summer,Dug well,Un-treated,27.7,1.2,4.12,8.6,911,544,2.3,4.01,59.01,59.01,"A. proteus, P. caudatum, E, histolytica",1.00,1.00
Chhetrapati,Summer,Dug well,Un-treated,30.2,16.1,12.11,5.5,87,594,2.1,4.05,61.13,61.13,Nil,0.00,0.00
Chhetrapati,Summer,Dug well,Un-treated,29.3,2.1,2.21,7.5,139,578,2.3,3.1,63.1,63.10,Nil,0.00,0.00
Chhetrapati,Summer,Dug well,Un-treated,29.7,1.6,2.22,8.8,144,567,3.1,3.12,62.01,62.01,Nil,0.00,0.00
Chhetrapati,Summer,Dug well,Un-treated,28.9,1.2,2.98,8,211,589,1.4,4.11,72.01,72.01,Nil,0.00,0.00
Chhetrapati,Summer,Dug well,Un-treated,30.9,2.2,1.09,8.1,111,544,3.1,3.19,73.1,73.10,Nil,0.00,0.00
Chhetrapati,Summer,Dug well,Un-treated,28.9,3.2,2.22,8.5,310,566,3.2,4.1,60.12,60.12,Nil,0.00,0.00
Chhetrapati,Summer,Dug well,Un-treated,30.7,4.5,3.33,8,710,677,3,5.04,63.01,63.01,Nil,0.00,0.00
Chhetrapati,Summer,Dug well,Un-treated,29.4,7.1,6.33,8.2,812,588,3.1,6.21,59.01,59.01,Nil,0.00,0.00
Chhetrapati,Summer,Dug well,Un-treated,28.8,1.2,1.22,8.3,115,582,1.2,3.2,60.11,60.11,Nil,0.00,0.00
Chhetrapati,Summer,Dug well,Un-treated,29.4,2.2,2.56,8.9,123,532,3.1,3.19,63.02,63.02,Nil,0.00,0.00
Tripureshwor,Winter,Tap water,Treated,20.1,2,1.2,8.1,80,98,0.3,0.15,12.97,12.97,Nil,0.00,0.00
Tripureshwor,Winter,Tap water,Treated,21.2,1.1,2.1,8.3,97,91,0.5,0.78,16.92,16.92,Nil,0.00,0.00
Tripureshwor,Winter,Tap water,Treated,18.3,2.1,1.9,7.8,208,87,0.1,0.24,16.42,16.42,Nil,0.00,0.00
Tripureshwor,Winter,Tap water,Treated,18.9,1.9,3.3,6.5,109,348,0.5,0.38,19.53,19.53,Nil,0.00,0.00
Tripureshwor,Winter,Tap water,Treated,21.6,3.2,2.1,8.5,98,301,0.8,0.33,82.12,82.12,Nil,0.00,0.00
Tripureshwor,Winter,Tap water,Treated,22.1,4.2,2.2,8.6,96,289,0.1,0.48,88.11,88.11,Nil,0.00,0.00
Tripureshwor,Winter,Tap water,Treated,18.5,2.1,2.9,6.5,183,198,0.4,0.71,81.22,81.22,Nil,0.00,0.00
Tripureshwor,Winter,Tap water,Treated,17.5,1.3,1.2,6.5,126,203,0.6,0.24,92.11,92.11,Nil,0.00,0.00
Tripureshwor,Winter,Tap water,Treated,22.1,1.5,2.1,7.3,159,195,0.3,0.26,91.12,91.12,Nil,0.00,0.00
Tripureshwor,Winter,Tap water,Treated,23.1,8.4,6.9,6.9,193,201,0.3,0.36,87.2,87.20,Nil,0.00,0.00
Tripureshwor,Winter,Tap water,Treated,20.1,1.2,1.2,7.8,81,97,0.3,0.21,83.1,83.10,Nil,0.00,0.00
Tripureshwor,Winter,Tap water,Treated,19.1,2.1,2.8,8.2,89,123,0.3,0.41,84.12,84.12,Nil,0.00,0.00
Tripureshwor,Winter,Tap water,Treated,18.6,1.2,1.2,8.1,121,144,0.2,0.31,94.11,94.11,Nil,0.00,0.00
Tripureshwor,Winter,Tap water,Treated,17.9,3.3,3.2,8,122,156,0.4,0.26,16.12,16.12,Nil,0.00,0.00
Tripureshwor,Winter,Tap water,Treated,19.8,1.9,1.3,8.3,201,192,0.1,0.11,17.12,17.12,Nil,0.00,0.00
Baneshwor,Winter,Tap water,Treated,18.8,1.9,1.23,8.1,206,311,0.3,0.16,12.87,12.87,Nil,0.00,0.00
Baneshwor,Winter,Tap water,Treated,19.2,2.1,0.98,7.6,201,78,0.6,3.11,10.89,10.89,Nil,0.00,0.00
Baneshwor,Winter,Tap water,Treated,18.2,2.8,1.41,8.3,101,68,0.4,0.31,11.9,11.90,Nil,0.00,0.00
Baneshwor,Winter,Tap water,Treated,17.2,1.2,0.16,8.4,97,86,0.1,0..25,82.11,82.11,Nil,0.00,0.00
Baneshwor,Winter,Tap water,Treated,18.2,1.5,0.12,8.5,189,81,0.1,0.35,61.2,61.20,Nil,0.00,0.00
Baneshwor,Winter,Tap water,Treated,18.9,2.1,0.46,8.3,97,92,0.3,2.15,41.21,41.21,Nil,0.00,0.00
Baneshwor,Winter,Tap water,Treated,17.9,6.1,5.19,7.5,93,110,0.4,0.36,60.13,60.13,Nil,0.00,0.00
Baneshwor,Winter,Tap water,Treated,19.3,1.1,1.21,6.9,81,93,0.1,0.76,12.17,12.17,Nil,0.00,0.00
Baneshwor,Winter,Tap water,Treated,18.9,4.1,3.12,7.5,133,98,0.1,0.78,18.11,18.11,Nil,0.00,0.00
Baneshwor,Winter,Tap water,Treated,19.2,1.2,2.13,6.9,166,119,0.6,0.92,19.15,19.15,Nil,0.00,0.00
Baneshwor,Winter,Tap water,Treated,20.1,1.6,2.23,7.4,156,126,0.3,2.11,11.13,11.13,Nil,0.00,0.00
Baneshwor,Winter,Tap water,Treated,21.4,2.2,1.24,8.2,173,131,0.5,3.1,71.81,71.81,Nil,0.00,0.00
Baneshwor,Winter,Tap water,Treated,19.2,3.2,2.13,8.4,179,87,0.7,3.11,70.11,70.11,Nil,0.00,0.00
Baneshwor,Winter,Tap water,Treated,19.6,1.2,1.29,8.4,181,89,0.3,3.12,61.21,61.21,Nil,0.00,0.00
Baneshwor,Winter,Tap water,Treated,18.7,1.5,2.92,8.1,192,134,0.5,1.11,12.16,12.16,Nil,0.00,0.00
Bansbari,Winter,Tap water,Treated,18.2,2.1,1.32,7.8,81,88,0,0.14,13.81,13.81,Nil,0.00,0.00
Bansbari,Winter,Tap water,Treated,17.3,1.2,0.14,6.5,201,71,0,3.76,12.12,12.12,Nil,0.00,0.00
Bansbari,Winter,Tap water,Treated,16.3,1.9,0.17,6.3,98,69,0.1,3.81,15.13,15.13,Nil,0.00,0.00
Bansbari,Winter,Tap water,Treated,20.3,1.5,1.21,8.1,71,75,0.1,3.02,82.12,82.12,Nil,0.00,0.00
Bansbari,Winter,Tap water,Treated,21.2,3.2,0.34,7.1,89,305,0.1,0.24,76.11,76.11,Nil,0.00,0.00
Bansbari,Winter,Tap water,Treated,20.1,4.4,1.11,7.9,101,81,0.4,0.39,63.2,63.20,Nil,0.00,0.00
Bansbari,Winter,Tap water,Treated,19.2,4.1,2.21,6.9,95,92,0.1,0.06,65.11,65.11,Nil,0.00,0.00
Bansbari,Winter,Tap water,Treated,19.3,2.2,3.15,7.2,201,71,0.1,0.03,61.22,61.22,Nill,0.00,0.00
Bansbari,Winter,Tap water,Treated,18.5,1.6,0.12,7.3,103,63,0.2,0.08,56.11,56.11,Nil,0.00,0.00
Bansbari,Winter,Tap water,Treated,18.2,2.2,0.87,7.1,91,72,0.4,0.07,61.21,61.21,Nil,0.00,0.00
Bansbari,Winter,Tap water,Treated,17.9,1.2,1.24,7.7,96,62,0.1,0.04,61.12,61.12,Nil,0.00,0.00
Bansbari,Winter,Tap water,Treated,18.4,0.9,2.56,6.5,80,81,0.1,0.03,81.19,81.19,Nill,0.00,0.00
Bansbari,Winter,Tap water,Treated,22.2,1.4,1.34,6.9,83,95,0.3,0.12,11.12,11.12,Nil,0.00,0.00
Bansbari,Winter,Tap water,Treated,23.2,2.3,0.76,7.8,94,63,0.6,3.12,18.13,18.13,Nil,0.00,0.00
Bansbari,Winter,Tap water,Treated,24.1,2.1,0.15,7.5,113,201,0,2.01,29.12,29.12,Nil,0.00,0.00
Chhetrapati,Winter,Tap water,Treated,21.3,1.2,0.16,8.1,80,348,0.3,0.15,81.2,81.20,Nil,0.00,0.00
Chhetrapati,Winter,Tap water,Treated,23.4,1.9,1.23,7.6,97,68,0.5,0.86,10.12,10.12,Nil,0.00,0.00
Chhetrapati,Winter,Tap water,Treated,21.1,2.1,2.91,8.3,201,88,0.1,0.31,13.11,13.11,Nil,0.00,0.00
Chhetrapati,Winter,Tap water,Treated,21.3,2.1,2.78,8.5,305,89,0.4,0.44,16.12,16.12,Nil,0.00,0.00
Chhetrapati,Winter,Tap water,Treated,20.1,3.1,0.12,8.3,87,81,0.6,0.11,12.15,12.15,Nil,0.00,0.00
Chhetrapati,Winter,Tap water,Treated,19.2,2.1,1.22,5.5,93,91,0.2,0.31,11.12,11.12,Nil,0.00,0.00
Chhetrapati,Winter,Tap water,Treated,18.9,1.1,2.31,7.5,103,93,0.3,0.21,10.11,10.11,Nil,0.00,0.00
Chhetrapati,Winter,Tap water,Treated,21.1,3.1,2.11,7.6,144,81,0.3,0.86,21.23,21.23,Nil,0.00,0.00
Chhetrapati,Winter,Tap water,Treated,22.1,1.1,0.45,8.1,111,310,0.3,0.14,22.14,22.14,Nil,0.00,0.00
Chhetrapati,Winter,Tap water,Treated,19.9,2.2,1.11,8,176,291,0.2,0.31,24.54,24.54,Nil,0.00,0.00
Chhetrapati,Winter,Tap water,Treated,21.1,1.2,0.22,8.1,183,301,0.2,0.32,21.41,21.41,Nil,0.00,0.00
Chhetrapati,Winter,Tap water,Treated,23.1,4.1,0.98,8.6,101,78,0.3,0.41,31.02,31.02,Nil,0.00,0.00
Chhetrapati,Winter,Tap water,Treated,18.8,2.1,1.2,7.5,80,79,0.6,0.52,12.14,12.14,Nil,0.00,0.00
Chhetrapati,Winter,Tap water,Treated,17.9,1.2,1.3,7.6,69,83,0.2,0.61,12.14,12.14,Nil,0.00,0.00
Chhetrapati,Winter,Tap water,Treated,18.3,1.2,2.2,7.5,72,89,0.8,0.17,12.14,12.14,Nil,0.00,0.00
Tripureshwor,Winter,Tube-well,Un-treated,20.1,1.2,0.34,6.8,233,128,4.7,40.12,58.33,58.33,Nil,0.00,0.00
Tripureshwor,Winter,Tube-well,Un-treated,19.2,2.3,0.91,7.2,286,318,0.8,39.31,66.19,66.19,Nil,0.00,0.00
Tripureshwor,Winter,Tube-well,Un-treated,18.7,2.2,1.29,7.4,315,189,3.1,12.44,61.12,61.12,Nil,0.00,0.00
Tripureshwor,Winter,Tube-well,Un-treated,20.1,3.3,4.14,7.3,378,88,0.7,11.01,67.12,67.12,Nil,0.00,0.00
Tripureshwor,Winter,Tube-well,Un-treated,21.3,6.1,7.23,6.9,315,91,2.9,10.33,53.16,53.16,Nil,0.00,0.00
Tripureshwor,Winter,Tube-well,Un-treated,18.2,2.1,0.45,8.3,319,128,1.4,3.02,56.86,56.86,Nil,0.00,0.00
Tripureshwor,Winter,Tube-well,Un-treated,18.3,3.1,2.21,5.5,348,63,2.9,4.89,81.33,81.33,Nil,0.00,0.00
Tripureshwor,Winter,Tube-well,Un-treated,17.5,1.2,0.39,8.6,299,84,2.7,5.66,53.63,53.63,Nill,0.00,0.00
Tripureshwor,Winter,Tube-well,Un-treated,19.6,1.9,1.36,6.9,244,93,3,4.31,53.41,53.41,Nil,0.00,0.00
Tripureshwor,Winter,Tube-well,Un-treated,20.1,13.7,11.23,8.7,266,94,3.1,3.98,62.11,62.11,Nil,0.00,0.00
Tripureshwor,Winter,Tube-well,Un-treated,18.1,2.1,1.32,8.8,239,96,2,3.48,63.01,63.01,Nil,0.00,0.00
Tripureshwor,Winter,Tube-well,Un-treated,18.9,1.4,1.32,6.5,301,91,0.4,12.16,53.33,53.33,Nill,0.00,0.00
Tripureshwor,Winter,Tube-well,Un-treated,17.9,3.1,2.34,6.9,321,86,0.9,14.86,71.2,71.20,Nil,0.00,0.00
Tripureshwor,Winter,Tube-well,Un-treated,19.1,2.1,1.23,7.8,309,126,0.3,19.03,61.02,61.02,Nil,0.00,0.00
Tripureshwor,Winter,Tube-well,Un-treated,19.1,1.1,0.87,8.6,189,318,2.2,12.61,56.01,56.01,Nil,0.00,0.00
Baneshwor,Winter,Tube-well,Un-treated,18.1,2.1,0.24,6.5,310,331,4,33.01,60.21,60.21,Nil,0.00,0.00
Baneshwor,Winter,Tube-well,Un-treated,19.1,2.9,0.34,8.5,351,163,3.4,21.08,51.31,51.31,Nil,0.00,0.00
Baneshwor,Winter,Tube-well,Un-treated,17.9,1.9,1.23,8.6,286,185,3.2,4.01,58.11,58.11,Nil,0.00,0.00
Baneshwor,Winter,Tube-well,Un-treated,20.1,2.1,0.18,8.7,199,90,4.1,10.06,47.21,47.21,Nil,0.00,0.00
Baneshwor,Winter,Tube-well,Un-treated,20.1,4.2,0.23,7.9,201,130,1.5,17.01,53.12,53.12,"A. proteus, ",0.00,1.00
Baneshwor,Winter,Tube-well,Un-treated,21.3,10.2,1.23,5.5,203,171,0.5,19.02,56.42,56.42,Nil,0.00,0.00
Baneshwor,Winter,Tube-well,Un-treated,19.8,1.2,0.23,6.8,302,81,0.3,37.02,42.11,42.11,Nil,0.00,0.00
Baneshwor,Winter,Tube-well,Un-treated,18.9,2.1,1.23,8.3,109,123,3.2,31.02,43.19,43.19,Nill,0.00,0.00
Baneshwor,Winter,Tube-well,Un-treated,19.7,3.1,0.34,8.5,89,183,1.1,22.11,66.12,66.12,Nil,0.00,0.00
Baneshwor,Winter,Tube-well,Un-treated,20.1,1.1,1.22,8.6,119,156,0.3,26.09,73.12,73.12,Nil,0.00,0.00
Baneshwor,Winter,Tube-well,Un-treated,19.7,2.1,3.22,8.7,159,101,0.2,31.21,71.18,71.18,Nil,0.00,0.00
Baneshwor,Winter,Tube-well,Un-treated,20.1,2.5,1.23,5.9,136,61,0.4,36.02,69.12,69.12,Nill,0.00,0.00
Baneshwor,Winter,Tube-well,Un-treated,21.1,3.2,2.11,6.5,321,123,0.1,39.01,63.2,63.20,Nil,0.00,0.00
Baneshwor,Winter,Tube-well,Un-treated,20.1,1.1,0.98,6.3,310,139,0.9,40.12,63.11,63.11,Nil,0.00,0.00
Baneshwor,Winter,Tube-well,Un-treated,20.1,2.7,1.34,7.5,118,141,1.6,42.36,69.11,69.11,Nil,0.00,0.00
Bansbari,Winter,Tube-well,Un-treated,20.2,2.1,0.32,7.6,213,144,3,38.02,53.44,53.44,Nil,0.00,0.00
Bansbari,Winter,Tube-well,Un-treated,21.1,2.9,0.93,7.5,311,311,0.2,12.95,60.12,60.12,Nil,0.00,0.00
Bansbari,Winter,Tube-well,Un-treated,18.9,3.1,1.22,7,113,69,3.5,3.05,63.44,63.44,Nil,0.00,0.00
Bansbari,Winter,Tube-well,Un-treated,20.1,1.2,2.11,8.5,92,84,0.6,11.91,53.97,53.97,Nil,0.00,0.00
Bansbari,Winter,Tube-well,Un-treated,17.7,2.1,3.21,8.6,124,94,3.5,12.13,56.33,56.33,Nil,0.00,0.00
Bansbari,Winter,Tube-well,Un-treated,22.2,3.1,0.23,8,134,112,0.3,13.14,63.11,63.11,Nil,0.00,0.00
Bansbari,Winter,Tube-well,Un-treated,23.1,2.1,1.34,8.7,156,113,0.4,14.13,53.12,53.12,Nil,0.00,0.00
Bansbari,Winter,Tube-well,Un-treated,21.1,2.3,2.15,5.5,213,78,0.4,15.6,63.12,63.12,Nil,0.00,0.00
Bansbari,Winter,Tube-well,Un-treated,22.4,8.6,6.73,5.6,362,92,0.9,18.3,51.21,51.21,"A. proteus, P.caudatum",0.00,1.00
Bansbari,Winter,Tube-well,Un-treated,19.9,1.2,0.43,7.2,316,93,3.1,38.12,52.44,52.44,Nil,0.00,0.00
Bansbari,Winter,Tube-well,Un-treated,20.8,2.3,1.33,7.3,312,316,2.9,40.12,53.12,53.12,Nil,0.00,0.00
Bansbari,Winter,Tube-well,Un-treated,22.4,1.1,0.33,6.5,310,201,1.9,28.1,63.19,63.19,Nil,0.00,0.00
Bansbari,Winter,Tube-well,Un-treated,23.1,2.1,2.51,6.5,210,181,2,23.01,64.12,64.12,Nil,0.00,0.00
Bansbari,Winter,Tube-well,Un-treated,19.9,2.1,3.23,7.2,310,130,2.1,21.11,64.12,64.12,Nil,0.00,0.00
Bansbari,Winter,Tube-well,Un-treated,20.5,2.1,1.23,8.3,81,120,2,38.11,70.13,70.13,Nil,0.00,0.00
Chhetrapati,Winter,Tube-well,Un-treated,21.2,7.4,0.74,6.5,231,128,4.1,40.11,53.57,53.57,Nil,0.00,0.00
Chhetrapati,Winter,Tube-well,Un-treated,22.1,1.2,0.56,7.1,311,318,0.2,14.83,65.12,65.12,Nil,0.00,0.00
Chhetrapati,Winter,Tube-well,Un-treated,19.9,2.1,1.21,8.1,154,80,3.6,3.01,61.39,61.39,Nil,0.00,0.00
Chhetrapati,Winter,Tube-well,Un-treated,19.1,3.3,2.32,5.5,84,90,0.5,10.12,53.17,53.17,Nil,0.00,0.00
Chhetrapati,Winter,Tube-well,Un-treated,21.2,3.2,0.76,7.5,84,93,0.7,16.5,54.12,54.12,Nil,0.00,0.00
Chhetrapati,Winter,Tube-well,Un-treated,23.1,1.2,0.32,8.3,89,141,2.5,17.12,62.12,62.12,Nil,0.00,0.00
Chhetrapati,Winter,Tube-well,Un-treated,21.1,2.1,2.22,5.3,252,211,2.2,19.11,63.13,63.13,Nil,0.00,0.00
Chhetrapati,Winter,Tube-well,Un-treated,20.1,1.3,1.29,6.5,259,60,2.1,10.12,64.12,64.12,Nil,0.00,0.00
Chhetrapati,Winter,Tube-well,Un-treated,21.1,6.9,8.21,5.5,150,91,3.1,12.14,54.18,54.18,Nil,0.00,0.00
Chhetrapati,Winter,Tube-well,Un-treated,18.9,1.2,1.23,6.5,93,83,0.4,18.11,56.15,56.15,"A. proteus,  P. caudatum",0.00,1.00
Chhetrapati,Winter,Tube-well,Un-treated,18.5,2.1,0.23,7.5,95,51,1,12.11,59.14,59.14,Nil,0.00,0.00
Chhetrapati,Winter,Tube-well,Un-treated,19.8,3.2,1.23,6.5,113,131,0.1,12.19,60.12,60.12,Nil,0.00,0.00
Chhetrapati,Winter,Tube-well,Un-treated,20.2,2.1,2.34,7.5,145,311,0.5,10.13,53.12,53.12,Nil,0.00,0.00
Chhetrapati,Winter,Tube-well,Un-treated,21.1,4.4,3.22,7.1,161,112,0.3,18.13,56.12,56.12,Nil,0.00,0.00
Chhetrapati,Winter,Tube-well,Un-treated,20.8,3.3,2.12,7.2,210,131,0.6,19.12,54.12,54.12,Nil,0.00,0.00
Tripureshwor,Winter,Dug well,Un-treated,23.1,2.6,0.19,8.6,163,598,3.6,10.32,63.02,63.02,"P. caudatum, A. proteus",0.00,2.00
Tripureshwor,Winter,Dug well,Un-treated,21.6,3.2,2.31,8.1,97,530,3,3.04,58.19,58.19,Nil,0.00,0.00
Tripureshwor,Winter,Dug well,Un-treated,18.2,1.2,1.21,8,87,302,3,128.04,88.21,88.21,Nil,0.00,0.00
Tripureshwor,Winter,Dug well,Un-treated,19.9,2.1,3.21,8.7,112,102,1.5,112.08,61.11,61.11,Nil,0.00,0.00
Tripureshwor,Winter,Dug well,Un-treated,20.3,4.3,3.21,8.3,586,601,3.1,19.02,63.12,63.12,Nil,0.00,0.00
Tripureshwor,Winter,Dug well,Un-treated,21.1,6.4,8.3,8.9,912,135,3.1,21.01,78.01,78.01,Nil,0.00,0.00
Tripureshwor,Winter,Dug well,Un-treated,21.9,1.2,1.2,8.7,123,110,3,121.88,91.12,91.12,Nil,0.00,0.00
Tripureshwor,Winter,Dug well,Un-treated,21.6,2.2,0.92,8.1,142,98,2.1,123.53,93.8,93.80,Nil,0.00,0.00
Tripureshwor,Winter,Dug well,Un-treated,19.9,3.3,2.29,8.6,156,91,2,111.02,91.18,91.18,Nil,0.00,0.00
Tripureshwor,Winter,Dug well,Un-treated,18.9,4.2,3.23,8.5,1159,76,3.2,88.05,60.56,60.56,Nil,0.00,0.00
Tripureshwor,Winter,Dug well,Un-treated,18.1,12.2,11.22,8.6,1011,118,3,90.12,62.71,62.71,"G .lamblia, A. proteus",1.00,1.00
Tripureshwor,Winter,Dug well,Un-treated,21.2,2.1,0.98,8.7,81,136,3.1,81.8,72.18,72.18,Nil,0.00,0.00
Tripureshwor,Winter,Dug well,Un-treated,22.1,1.9,0.78,8.8,91,171,3,10.12,72.81,72.81,Nil,0.00,0.00
Tripureshwor,Winter,Dug well,Un-treated,21.5,2.3,1.22,8.6,93,190,2,19.13,81.21,81.21,Nil,0.00,0.00
Tripureshwor,Winter,Dug well,Un-treated,19.9,3.2,2.33,8,80,103,3,16.15,63.12,63.12,Nil,0.00,0.00
Baneshwor,Winter,Dug well,Un-treated,21.2,2.9,1.06,8.6,1011,602,3.4,118.11,61.31,61.31,Nil,0.00,0.00
Baneshwor,Winter,Dug well,Un-treated,20.1,3.2,2.03,8.7,144,107,3,96.33,51.2,51.20,Nil,0.00,0.00
Baneshwor,Winter,Dug well,Un-treated,19.1,4.3,1.23,8.1,163,90,2.1,77.11,56.44,56.44,Nil,0.00,0.00
Baneshwor,Winter,Dug well,Un-treated,19.8,1.1,2.12,5.6,182,111,2.3,10.12,60.31,60.31,Nil,0.00,0.00
Baneshwor,Winter,Dug well,Un-treated,20.2,2.1,4.22,5.3,87,121,3.4,3.12,49.12,49.12,"A. proteus, P.caudatum",0.00,1.00
Baneshwor,Winter,Dug well,Un-treated,20.9,4.2,2.54,7.9,92,93,1.2,4.16,56.33,56.33,Nil,0.00,0.00
Baneshwor,Winter,Dug well,Un-treated,18.7,8.1,8.09,7.1,143,83,2.4,9.11,58.33,58.33,Nil,0.00,0.00
Baneshwor,Winter,Dug well,Un-treated,19.1,1.9,1.08,8.6,111,87,3.1,9..01,53.44,53.44,Nill,0.00,0.00
Baneshwor,Winter,Dug well,Un-treated,18.9,2.1,1.32,8.7,131,85,0.5,117.11,69.11,69.11,Nil,0.00,0.00
Baneshwor,Winter,Dug well,Un-treated,19.8,3.3,1.33,8.3,149,87,0.7,102.13,75.23,75.23,Nil,0.00,0.00
Baneshwor,Winter,Dug well,Un-treated,21.1,4.3,2.11,8,156,93,3,151.11,75.33,75.33,Nil,0.00,0.00
Baneshwor,Winter,Dug well,Un-treated,22.1,2.3,1.29,8.1,183,94,2.5,161.33,53.11,53.11,Nill,0.00,0.00
Baneshwor,Winter,Dug well,Un-treated,20.1,6.6,6.22,8.1,201,93,2.1,172.11,62.33,62.33,Nil,0.00,0.00
Baneshwor,Winter,Dug well,Un-treated,19.7,3.2,1.23,6.5,302,63,2.3,182.33,72.11,72.11,Nil,0.00,0.00
Baneshwor,Winter,Dug well,Un-treated,18.8,2.3,1.23,6.3,313,69,1,10.77,70.12,70.12,Nil,0.00,0.00
Bansbari,Winter,Dug well,Un-treated,21.1,2.9,1.04,6.8,244,318,4.7,36.05,65.02,65.02,Nil,0.00,0.00
Bansbari,Winter,Dug well,Un-treated,22.1,1.2,1.02,7.8,233,347,3.4,38.06,63.1,63.10,Nil,0.00,0.00
Bansbari,Winter,Dug well,Un-treated,19.9,2.3,1.11,7.1,211,341,3.1,22.16,53.12,53.12,Nil,0.00,0.00
Bansbari,Winter,Dug well,Un-treated,18.9,2.3,2.12,7.2,95,246,0.3,21.06,47.11,47.11,Nil,0.00,0.00
Bansbari,Winter,Dug well,Un-treated,18.4,1.3,2.12,7.9,113,231,3.1,11.08,48.13,48.13,Nil,0.00,0.00
Bansbari,Winter,Dug well,Un-treated,20.1,4.2,3.22,8.3,144,242,0.1,10.03,52.43,52.43,Nil,0.00,0.00
Bansbari,Winter,Dug well,Un-treated,21.9,1.2,1.22,6.9,310,198,0.4,3.04,55.43,55.43,Nil,0.00,0.00
Bansbari,Winter,Dug well,Un-treated,22.1,2.1,2.98,7.2,298,302,0.3,8.04,63.03,63.03,Nil,0.00,0.00
Bansbari,Winter,Dug well,Un-treated,23.2,2.9,2.11,6.5,171,391,0.1,7.03,64.33,64.33,"A. proteus, P.caudatum",0.00,1.00
Bansbari,Winter,Dug well,Un-treated,23.1,1.2,2.1,7.2,201,128,0.1,4.04,61.31,61.31,Nil,0.00,0.00
Bansbari,Winter,Dug well,Un-treated,19.9,8.2,9.9,7.4,301,119,0.2,7.42,53.1,53.10,Nil,0.00,0.00
Bansbari,Winter,Dug well,Un-treated,18.8,1.1,2.22,7.4,109,201,0.1,7.32,63.11,63.11,Nil,0.00,0.00
Bansbari,Winter,Dug well,Un-treated,19.8,2.2,1.22,7.8,211,311,1,4.44,66.12,66.12,Nil,0.00,0.00
Bansbari,Winter,Dug well,Un-treated,21.1,7.3,8.1,8.9,321,201,3.1,3.01,69.12,69.12,Nil,0.00,0.00
Bansbari,Winter,Dug well,Un-treated,21.1,1.2,1.2,8.6,314,301,2,12.01,60.13,60.13,Nil,0.00,0.00
Chhetrapati,Winter,Dug well,Un-treated,20.7,2.2,2.09,8.6,153,78,3,5.04,61.39,61.39,Nil,0.00,0.00
Chhetrapati,Winter,Dug well,Un-treated,20.1,3.2,1.07,8.7,131,81,0.5,10.93,53.97,53.97,Nil,0.00,0.00
Chhetrapati,Winter,Dug well,Un-treated,19.9,1.9,1.33,8.3,89,61,2.3,11.11,58.33,58.33,Nil,0.00,0.00
Chhetrapati,Winter,Dug well,Un-treated,18.9,2.7,2.34,8.5,92,92,2.4,129.52,62.61,62.61,Nil,0.00,0.00
Chhetrapati,Winter,Dug well,Un-treated,18.3,4.3,2.54,8,91,442,3.1,152.51,51.31,51.31,"A. proteus, P. caudatum",0.00,1.00
Chhetrapati,Winter,Dug well,Un-treated,18.7,2.7,2.98,8.3,1013,562,0.9,166.31,71.22,71.22,Nil,0.00,0.00
Chhetrapati,Winter,Dug well,Un-treated,17.8,1.3,1.22,8.5,153,201,0.5,112.33,83.11,83.11,Nil,0.00,0.00
Chhetrapati,Winter,Dug well,Un-treated,19.9,9.3,7.22,5.3,563,102,0.9,116.12,85.11,85.11,Nil,0.00,0.00
Chhetrapati,Winter,Dug well,Un-treated,18.9,2.1,1.22,6.5,163,301,2,83.53,69.95,69.95,Nil,0.00,0.00
Chhetrapati,Winter,Dug well,Un-treated,20.1,2.3,3.44,8.2,183,86,2,15.16,70.12,70.12,Nil,0.00,0.00
Chhetrapati,Winter,Dug well,Un-treated,22.1,4.5,1.09,7.5,189,93,2.3,19.31,48.12,48.12,Nil,0.00,0.00
Chhetrapati,Winter,Dug well,Un-treated,21.2,6.7,1.23,6.5,113,71,0.2,10.15,48.11,48.11,Nil,0.00,0.00
Chhetrapati,Winter,Dug well,Un-treated,22.1,4.3,4.34,7.5,140,81,3.1,3.81,41.13,41.13,Nil,0.00,0.00
Chhetrapati,Winter,Dug well,Un-treated,20.1,2.2,2.33,6.5,191,95,2,5.61,56.14,56.14,Nil,0.00,0.00
Chhetrapati,Winter,Dug well,Un-treated,19.2,1.2,1.34,7.5,141,63,2.4,13.51,60.12,60.12,Nil,0.00,0.00
Tripureshwor,Autumn,Tap water,Treated,26.5,2.9,2.09,8.1,123,188,0.6,0.19,11.89,11.89,Nil,0,0
Tripureshwor,Autumn,Tap water,Treated,26.4,2.8,1.01,7.3,142,201,0.3,0.61,15.18,15.18,Nil,0,0
Tripureshwor,Autumn,Tap water,Treated,27.4,1.9,2.03,7.8,154,198,0,0.12,14.12,14.12,Nil,0,0
Tripureshwor,Autumn,Tap water,Treated,25.8,3.9,2.04,7.9,144,222,0.3,0.31,18.54,18.54,Nil,0,0
Tripureshwor,Autumn,Tap water,Treated,26.5,4.1,1.06,8.6,183,336,0.7,0.39,78.19,78.19,Nil,0,0
Tripureshwor,Autumn,Tap water,Treated,27.3,2.4,0.09,8.1,116,301,0.1,0.58,98.11,98.11,Nil,0,0
Tripureshwor,Autumn,Tap water,Treated,28.2,3.7,0.98,7.1,156,202,0.1,0.61,78.91,78.91,Nil,0,0
Tripureshwor,Autumn,Tap water,Treated,27.2,2.2,1.08,8.5,176,208,0.6,0.26,96.11,96.11,Nil,0,0
Tripureshwor,Autumn,Tap water,Treated,25.1,4.2,2.01,7.1,134,198,0.3,0.36,87.66,87.66,Nil,0,0
Tripureshwor,Autumn,Tap water,Treated,26.6,2.1,3.01,7.9,177,166,0.3,0.56,91.66,91.66,Nil,0,0
Tripureshwor,Autumn,Tap water,Treated,27.4,4.2,0.09,6.7,188,177,0.1,0.31,77.98,77.98,Nil,0,0
Tripureshwor,Autumn,Tap water,Treated,28.2,1.1,0.03,6.5,175,211,0.2,0.51,87.11,87.11,Nil,0,0
Tripureshwor,Autumn,Tap water,Treated,27.5,4.3,1.01,7.1,154,186,0.2,0.37,98.14,98.14,Nil,0,0
Tripureshwor,Autumn,Tap water,Treated,28.6,2.3,0.09,7.6,55,176,0.1,0.36,15.11,15.11,Nil,0,0
Tripureshwor,Autumn,Tap water,Treated,25.5,2.2,1.03,6.7,198,126,0.1,0.32,66.98,66.98,Nil,0,0
Baneshwor,Autumn,Tap water,Treated,27.2,1.1,0.16,6.1,208,322,0.4,0.18,16.87,16.87,Nil,0,0
Baneshwor,Autumn,Tap water,Treated,28.2,1.01,1.02,6.6,211,111,0.5,2.17,15.9,15.9,Nil,0,0
Baneshwor,Autumn,Tap water,Treated,25.3,2.1,2.01,7.3,213,123,0.3,0.36,16.8,16.8,Nil,0,0
Baneshwor,Autumn,Tap water,Treated,25.3,1.2,1.09,7.4,111,212,0.2,0.29,90.9,90.9,Nil,0,0
Baneshwor,Autumn,Tap water,Treated,26.4,2.1,0.9,6.5,178,112,0.2,0.38,81.56,81.56,Nil,0,0
Baneshwor,Autumn,Tap water,Treated,28.6,3.1,0.16,7.3,128,223,0.1,3.15,56.87,56.87,Nil,0,0
Baneshwor,Autumn,Tap water,Treated,27.2,1.3,1.18,6.5,212,443,0.4,0.26,78.6,78.6,Nil,0,0
Baneshwor,Autumn,Tap water,Treated,26.3,2.1,2.19,7.1,99,233,0.3,0.78,14.88,14.88,Nil,0,0
Baneshwor,Autumn,Tap water,Treated,25.5,1.1,1.02,6.5,133,88,0.1,0.68,27.99,27.99,Nil,0,0
Baneshwor,Autumn,Tap water,Treated,25.7,3.1,1.12,7.9,162,112,0.4,0.82,29.22,29.22,Nil,0,0
Baneshwor,Autumn,Tap water,Treated,25.4,2.1,0.98,7.5,155,145,0.3,1.11,18.88,18.88,Nil,0,0
Baneshwor,Autumn,Tap water,Treated,26.1,1.3,1.13,7.2,179,212,0.1,2.1,81.79,81.79,Nil,0,0
Baneshwor,Autumn,Tap water,Treated,28.2,2.1,2.12,7.4,166,334,0.7,1.11,80.9,80.9,Nil,0,0
Baneshwor,Autumn,Tap water,Treated,26.2,2.3,1.15,6.4,191,222,0.4,2.12,77.22,77.22,Nil,0,0
Baneshwor,Autumn,Tap water,Treated,27.1,1.9,1.11,6.1,188,333,0.1,2.11,18.98,18.98,Nil,0,0
Bansbari,Autumn,Tap water,Treated,28.2,1.08,0.12,6.7,108,122,0.3,0.02,14.78,14.78,Nil,0,0
Bansbari,Autumn,Tap water,Treated,29.1,1.04,0.16,7.5,209,222,0.2,2.66,19.12,19.12,Nil,0,0
Bansbari,Autumn,Tap water,Treated,28.7,2.01,1.09,8.3,123,132,0.2,2.41,28.12,28.12,Nil,0,0
Bansbari,Autumn,Tap water,Treated,29.1,1.09,0.98,6.1,212,213,0.3,4.01,20.98,20.98,Nil,0,0
Bansbari,Autumn,Tap water,Treated,28.7,2.01,1.19,6.9,211,309,0.1,0.44,56.66,56.66,Nil,0,0
Bansbari,Autumn,Tap water,Treated,27.8,2.01,0.9,7.5,191,113,0.3,0.45,78.09,78.09,Nil,0,0
Bansbari,Autumn,Tap water,Treated,28.4,3.12,0.26,7.9,195,21`,0.2,0.22,87.9,87.9,Nil,0,0
Bansbari,Autumn,Tap water,Treated,28.3,1.01,1.11,6.8,209,98,0.2,0.23,67.9,67.9,Nill,0,0
Bansbari,Autumn,Tap water,Treated,28.3,1.9,2.21,7.9,193,88,0.3,0.02,78.91,78.91,Nil,0,0
Bansbari,Autumn,Tap water,Treated,29.1,6.11,7.19,6.1,291,321,0.3,0.09,71.21,71.21,Nil,0,0
Bansbari,Autumn,Tap water,Treated,28.2,2.12,0.15,8.7,196,223,0.2,0.14,88.12,88.12,Nil,0,0
Bansbari,Autumn,Tap water,Treated,27.4,1.13,0.15,7.5,132,113,0.2,0.13,91.19,91.19,Nill,0,0
Bansbari,Autumn,Tap water,Treated,27.4,2.1,0.29,7.9,134,99,0.3,0.19,16.12,16.12,Nil,0,0
Bansbari,Autumn,Tap water,Treated,28.3,2.5,0.13,6.8,132,88,0.5,2.12,21.13,21.13,Nil,0,0
Bansbari,Autumn,Tap water,Treated,27.9,1.11,2.12,6.5,193,301,0.1,1.01,81.67,81.67,Nil,0,0
Chhetrapati,Autumn,Tap water,Treated,28.5,1.11,1.11,6.5,99,412,0.3,0.25,89.2,89.2,Nil,0,0
Chhetrapati,Autumn,Tap water,Treated,27.9,1.23,0.22,8.6,98,123,0.5,0.96,20.12,20.12,Nil,0,0
Chhetrapati,Autumn,Tap water,Treated,27.8,2.01,0.98,8.5,109,222,0.1,0.81,19.19,19.19,Nil,0,0
Chhetrapati,Autumn,Tap water,Treated,27.7,1.09,2.22,7.5,208,123,0.3,0.64,19.12,19.12,Nil,0,0
Chhetrapati,Autumn,Tap water,Treated,29.2,1.21,1.98,7.3,112,122,0.2,0.91,22.15,22.15,Nil,0,0
Chhetrapati,Autumn,Tap water,Treated,27.9,3.01,2.97,6.5,221,99,0.3,0.51,31.12,31.12,Nil,0,0
Chhetrapati,Autumn,Tap water,Treated,27.9,1.42,1.01,6.5,109,112,0.2,0.31,18.17,18.17,Nil,0,0
Chhetrapati,Autumn,Tap water,Treated,27.9,1.55,2.02,7.5,122,201,0.2,0.66,28.23,28.23,Nil,0,0
Chhetrapati,Autumn,Tap water,Treated,29.3,2.62,2.11,7.1,123,301,0.2,0.19,22.84,22.84,Nil,0,0
Chhetrapati,Autumn,Tap water,Treated,28.4,1.21,0.98,8.5,198,201,0.3,0.91,94.54,94.54,Nil,0,0
Chhetrapati,Autumn,Tap water,Treated,28.6,2.33,1.98,8.3,212,122,0.2,0.42,33.49,33.49,Nil,0,0
Chhetrapati,Autumn,Tap water,Treated,27.9,3.11,2.67,8.5,112,98,0.3,0.21,81.02,81.02,Nil,0,0
Chhetrapati,Autumn,Tap water,Treated,28.6,0.98,1.09,6.5,232,223,0.2,0.92,22.14,22.14,Nil,0,0
Chhetrapati,Autumn,Tap water,Treated,29.1,1.38,1.91,6.6,212,98,0.2,2.61,18.29,18.29,Nil,0,0
Chhetrapati,Autumn,Tap water,Treated,28.4,1.22,2.06,6.5,111,125,0.5,3.17,22.14,22.14,Nil,0,0
Tripureshwor,Autumn,Tube-well,Un-treated,24.8,2.2,0.1,8.8,222,291,1.7,10.54,63.44,63.44,A. proteus,0,1
Tripureshwor,Autumn,Tube-well,Un-treated,27.2,3.1,0.7,8.2,212,123,0.9,11.34,76.19,76.19,Nil,0,0
Tripureshwor,Autumn,Tube-well,Un-treated,23.4,2.1,0.7,8.4,312,321,3.1,12.44,69.12,69.12,Nil,0,0
Tripureshwor,Autumn,Tube-well,Un-treated,24.3,4.2,0.6,7.3,123,231,0.2,12.81,76.98,76.98,Nil,0,0
Tripureshwor,Autumn,Tube-well,Un-treated,25.4,1.3,1.1,6.5,212,98,2.5,10.22,65.77,65.77,Nil,0,0
Tripureshwor,Autumn,Tube-well,Un-treated,24.6,2.2,2.1,8.6,123,128,2,9.11,66.64,66.64,Nil,0,0
Tripureshwor,Autumn,Tube-well,Un-treated,26.1,1.1,1.4,5.5,132,99,0.9,4.83,76.34,76.34,Nil,0,0
Tripureshwor,Autumn,Tube-well,Un-treated,25.3,3.1,2.1,8.6,187,98,1.7,7.66,98.76,98.76,Nill,0,0
Tripureshwor,Autumn,Tube-well,Un-treated,25.4,2.1,3.1,6.5,112,101,1,3.31,44.98,44.98,Nil,0,0
Tripureshwor,Autumn,Tube-well,Un-treated,25.3,2.6,1.7,6.7,231,120,1.1,1.98,98.76,98.76,Nil,0,0
Tripureshwor,Autumn,Tube-well,Un-treated,23.4,3.1,1.9,8.6,211,129,1,1.48,98.33,98.33,Nil,0,0
Tripureshwor,Autumn,Tube-well,Un-treated,25.4,2.1,2.8,6.5,201,91,0.3,11.16,65.99,65.99,Nill,0,0
Tripureshwor,Autumn,Tube-well,Un-treated,25.4,4.1,4.6,6.5,211,212,0.2,11.86,34.89,34.89,Nil,0,0
Tripureshwor,Autumn,Tube-well,Un-treated,26.4,1.6,3.4,7.8,201,122,0.4,21.03,76.91,76.91,Nil,0,0
Tripureshwor,Autumn,Tube-well,Un-treated,23.4,2.9,2.1,8.5,101,201,0.2,11.61,15.78,15.78,Nil,0,0
Baneshwor,Autumn,Tube-well,Un-treated,28.4,2.1,1.1,7.5,210,431,2,23.44,77.67,77.67,Nil,0,
Baneshwor,Autumn,Tube-well,Un-treated,29.1,1.1,2.4,8.6,251,263,2.4,33.23,77.87,77.87,Nil,0,0
Baneshwor,Autumn,Tube-well,Un-treated,25.9,4.2,3.9,8.6,286,285,1.5,1.09,33.98,33.98,Nil,0,0
Baneshwor,Autumn,Tube-well,Un-treated,29.3,3.4,2.3,8.7,299,290,0.1,10.22,13.21,13.21,Nil,0,0
Baneshwor,Autumn,Tube-well,Un-treated,28.6,5.5,6.3,7.8,101,230,0.5,14.23,22.12,22.12,Nil,0,0
Baneshwor,Autumn,Tube-well,Un-treated,27.8,2.2,1.1,6.5,103,571,0.3,11.52,92.42,92.42,Nil,0,0
Baneshwor,Autumn,Tube-well,Un-treated,28.4,1.1,2.1,6.5,122,281,0.3,10.11,29.11,29.11,Nil,0,0
Baneshwor,Autumn,Tube-well,Un-treated,29.5,2.1,1.9,7.3,119,143,1.2,11.09,83.19,83.19,Nill,0,0
Baneshwor,Autumn,Tube-well,Un-treated,28.6,3.1,2.3,6.5,89,383,1,11.45,69.12,69.12,Nil,0,0
Baneshwor,Autumn,Tube-well,Un-treated,28.8,6.1,7.1,7.6,219,256,0.3,16.22,83.12,83.12,Nil,0,0
Baneshwor,Autumn,Tube-well,Un-treated,29.6,2.1,1.1,6.7,155,201,0.1,11.09,51.18,51.18,Nil,0,0
Baneshwor,Autumn,Tube-well,Un-treated,30.1,1.2,3.2,6.9,136,161,0.2,21.9,79.12,79.12,P. caudatum,0,1
Baneshwor,Autumn,Tube-well,Un-treated,29.1,3.1,1.2,6.8,121,143,0.3,11.56,83.2,83.2,Nil,0,0
Baneshwor,Autumn,Tube-well,Un-treated,28.1,3.4,3.2,8.3,210,199,0.2,9.11,83.11,83.11,Nil,0,0
Baneshwor,Autumn,Tube-well,Un-treated,29.6,2.1,1.2,8.5,117,121,0.2,11.98,99.11,99.11,Nil,0,0
Bansbari,Autumn,Tube-well,Un-treated,25.2,0.8,0.4,6.6,113,244,1,33.02,59.44,59.44,Nil,0,0
Bansbari,Autumn,Tube-well,Un-treated,27.3,2.4,0.9,6.9,111,411,0.3,14.95,70.12,70.12,Nil,0,0
Bansbari,Autumn,Tube-well,Un-treated,28.3,1.9,1.2,7.5,119,169,1.5,4.05,53.48,53.48,Nil,0,0
Bansbari,Autumn,Tube-well,Un-treated,28.4,6.1,5.9,8.5,192,184,1.6,14.91,76.87,76.87,Nil,0,0
Bansbari,Autumn,Tube-well,Un-treated,29.5,1.9,1.1,8.7,126,94,1.5,15.13,44.54,44.54,Amoeba proteus,0,1
Bansbari,Autumn,Tube-well,Un-treated,27.1,2.2,0.9,8.1,184,98,0.3,23.14,65.32,65.32,Nil,0,0
Bansbari,Autumn,Tube-well,Un-treated,25.3,1.9,1.1,8.1,186,119,0.1,24.13,82.56,82.56,Nil,0,0
Bansbari,Autumn,Tube-well,Un-treated,28.9,3.1,2.1,6.5,211,70,0.2,13.6,55.19,55.19,Nil,0,0
Bansbari,Autumn,Tube-well,Un-treated,27.5,2.1,1.1,6.6,262,192,0.2,14.3,66.76,66.76,Nil,0,0
Bansbari,Autumn,Tube-well,Un-treated,29.3,1.1,1.5,6.2,216,193,1.1,28.12,56.23,56.23,Nil,0,0
Bansbari,Autumn,Tube-well,Un-treated,27.5,2.9,1.4,7.7,112,116,1.9,20.12,29.87,29.87,Nil,0,0
Bansbari,Autumn,Tube-well,Un-treated,26.4,2.1,1.2,7.5,210,101,0.9,18.1,19.19,19.19,Nil,0,0
Bansbari,Autumn,Tube-well,Un-treated,27.4,1.3,1.1,6.9,110,181,0.2,21.01,54.12,54.12,Nil,0,0
Bansbari,Autumn,Tube-well,Un-treated,25.6,5.5,6.1,8.2,210,230,1.1,11.11,34.12,34.12,Nil,0,0
Bansbari,Autumn,Tube-well,Un-treated,27.3,1.3,1.1,8.1,181,98,1.3,28.11,30.13,30.13,Nil,0,0
Chhetrapati,Autumn,Tube-well,Un-treated,28.2,2.3,0.2,6.5,221,228,1.1,35.44,43.98,43.98,Nil,0,0
Chhetrapati,Autumn,Tube-well,Un-treated,29.7,2.9,0.6,7.8,211,218,0.4,24.55,61.49,61.49,Nil,0,0
Chhetrapati,Autumn,Tube-well,Un-treated,27.8,1.9,1.1,8.6,194,280,1.6,2.09,68.34,68.34,Nil,0,0
Chhetrapati,Autumn,Tube-well,Un-treated,27.9,3.2,0.8,6.5,284,390,0.5,11.23,52.31,52.31,Nil,0,0
Chhetrapati,Autumn,Tube-well,Un-treated,27.6,2.1,2.1,7.5,184,293,0.2,15.18,43.56,43.56,Nil,0,0
Chhetrapati,Autumn,Tube-well,Un-treated,26.4,0.9,0.9,8.8,89,142,1.5,19.9,52.82,52.82,Nil,0,0
Chhetrapati,Autumn,Tube-well,Un-treated,28.3,2.1,0.3,6.3,212,111,2.9,17.6,60.6,60.6,Nil,0,0
Chhetrapati,Autumn,Tube-well,Un-treated,26.3,6.5,0.8,7.5,219,160,2.9,10.1,60.34,60.34,Nil,0,0
Chhetrapati,Autumn,Tube-well,Un-treated,25.3,1.1,0.3,6.5,160,191,3.1,11.44,44.33,44.33,Nil,0,0
Chhetrapati,Autumn,Tube-well,Un-treated,27.3,2.1,0.7,6.8,193,93,1.4,16.89,68.12,68.12,Nil,0,0
Chhetrapati,Autumn,Tube-well,Un-treated,26.9,1.7,1.1,6.5,295,41,0.2,11.12,98.67,98.67,Nil,0,0
Chhetrapati,Autumn,Tube-well,Un-treated,27.2,2.3,2.5,7.5,116,141,0.1,0.19,73.82,73.82,Nil,0,0
Chhetrapati,Autumn,Tube-well,Un-treated,28.2,3.2,2.9,7.8,135,121,0.2,0.19,54.32,54.32,Nil,0,0
Chhetrapati,Autumn,Tube-well,Un-treated,26.6,4.9,0.1,8.6,191,132,0.3,0.99,57.9,57.9,Nil,0,0
Chhetrapati,Autumn,Tube-well,Un-treated,27.6,4.7,1.2,7.5,290,96,0.2,10.87,60.89,60.89,Nil,0,0
Tripureshwor,Autumn,Dug well,Un-treated,26.9,2.7,1.09,8.1,153,518,1.6,20.32,53.12,53.12,Nil,0,0
Tripureshwor,Autumn,Dug well,Un-treated,27.6,2.1,2.12,8.6,197,510,1,13.04,51.91,51.91,Nil,0,0
Tripureshwor,Autumn,Dug well,Un-treated,26.8,3.1,2.26,8.6,187,202,3,18.04,66.98,66.98,Nil,0,0
Tripureshwor,Autumn,Dug well,Un-treated,27.6,2.8,1.02,8.7,212,192,0.5,113.08,51.11,51.11,"P. caudatum, A. proteus",0,1
Tripureshwor,Autumn,Dug well,Un-treated,29.1,1.2,1.12,8.3,586,501,0.1,29.02,66.22,66.22,Nil,0,0
Tripureshwor,Autumn,Dug well,Un-treated,28.5,2.4,2.11,8.9,919,185,1.1,23.01,68.78,68.78,Nil,0,0
Tripureshwor,Autumn,Dug well,Un-treated,27.5,1.2,3.13,8.7,193,210,1,121.98,44.73,44.73,Nil,0,0
Tripureshwor,Autumn,Dug well,Un-treated,29.1,2.9,2.07,6.1,182,188,0.1,133.53,23.98,23.98,Nil,0,0
Tripureshwor,Autumn,Dug well,Un-treated,25.5,2.5,1.19,8.6,186,191,1,121.02,45.91,45.91,Nil,0,0
Tripureshwor,Autumn,Dug well,Un-treated,26.1,6.2,5.51,8.5,109,79,0.2,88.05,55.67,55.67,Nil,0,0
Tripureshwor,Autumn,Dug well,Un-treated,28.4,2.5,3.21,7.6,1019,118,1,0.12,54.22,54.22,Nil,0,0
Tripureshwor,Autumn,Dug well,Un-treated,27.8,6.9,7.32,6.7,181,146,0.1,11.8,75.32,75.32,Nil,0,0
Tripureshwor,Autumn,Dug well,Un-treated,29.4,1.5,2.11,6.8,191,191,3,0.12,47.33,47.33,Nil,0,0
Tripureshwor,Autumn,Dug well,Un-treated,26.9,2.2,3.22,5.6,893,150,2,9.13,33.98,33.98,Nil,0,0
Tripureshwor,Autumn,Dug well,Un-treated,28.5,5.1,6.3,8.1,380,113,1,0.15,51.9,51.9,P. caudatum,0,1
Baneshwor,Autumn,Dug well,Un-treated,29.7,3.2,1.09,8.3,1001,621,1.4,128.31,71.31,71.31,Nil,0,0
Baneshwor,Autumn,Dug well,Un-treated,28.9,4.3,2.19,8.7,154,189,2,86.33,51.2,51.2,Nil,0,0
Baneshwor,Autumn,Dug well,Un-treated,28.6,2.1,3.33,8.2,173,199,1.1,57.11,46.44,46.44,Nil,0,0
Baneshwor,Autumn,Dug well,Un-treated,29.8,2.2,1.04,6.6,185,192,1.3,12.12,40.32,40.32,Nil,0,0
Baneshwor,Autumn,Dug well,Un-treated,29.8,3.2,2.09,6.3,287,188,1.4,0.12,39.12,39.12,Nil,0,0
Baneshwor,Autumn,Dug well,Un-treated,27.9,1.1,3.12,7.6,192,194,2.2,0.16,46.33,46.33,Nil,0,0
Baneshwor,Autumn,Dug well,Un-treated,29.7,4.2,1.02,8.1,145,185,0.4,9.19,48.33,48.33,Nil,0,0
Baneshwor,Autumn,Dug well,Un-treated,28.4,2.7,2.19,8.6,211,197,0.1,9.01,33.44,33.44,"A. proteus, P.caudatum",0,1
Baneshwor,Autumn,Dug well,Un-treated,29.5,3.3,2.22,8.7,138,180,0.5,127.17,79.11,79.11,Nil,0,0
Baneshwor,Autumn,Dug well,Un-treated,27.2,2.9,2.66,8.3,169,84,0.1,112.13,65.23,65.23,Nil,0,0
Baneshwor,Autumn,Dug well,Un-treated,26.9,8.9,1.09,8,126,199,1,111.15,65.33,65.33,Nil,0,0
Baneshwor,Autumn,Dug well,Un-treated,28.6,2.9,3.05,8.3,188,196,1.5,151.33,63.11,63.11,Nill,0,0
Baneshwor,Autumn,Dug well,Un-treated,28.6,3.2,1.03,8.1,211,193,0.1,132.11,69.43,69.43,Nil,0,0
Baneshwor,Autumn,Dug well,Un-treated,27.4,1.9,2.07,7.5,202,162,0.3,162.33,77.11,77.11,Nil,0,0
Baneshwor,Autumn,Dug well,Un-treated,26.9,6.3,1.09,7.3,211,99,1,9.77,60.12,60.12,Nil,0,0
Bansbari,Autumn,Dug well,Un-treated,26.5,3.8,1.09,6.7,254,308,1.7,46.55,76.02,76.02,"A. proteus, P.caudatum",0,1
Bansbari,Autumn,Dug well,Un-treated,28.6,1.2,2.22,8.6,230,387,1.4,39.06,65.91,65.91,Nil,0,0
Bansbari,Autumn,Dug well,Un-treated,29.1,3.2,1.11,8.6,201,321,3.1,32.96,65.23,65.23,Nil,0,0
Bansbari,Autumn,Dug well,Un-treated,26.9,4.1,3.98,6.2,99,216,0.2,33.06,45.78,45.78,Nil,0,0
Bansbari,Autumn,Dug well,Un-treated,26.9,1.1,2.11,7.4,114,271,5.1,21.08,65.98,65.98,Nil,0,0
Bansbari,Autumn,Dug well,Un-treated,29.1,2.3,1.97,8.4,149,212,0.1,11.13,33.56,33.56,Nil,0,0
Bansbari,Autumn,Dug well,Un-treated,27.6,2.8,2.45,6.5,210,168,0.3,0.04,66.44,66.44,Nil,0,0
Bansbari,Autumn,Dug well,Un-treated,27.8,6.7,3.21,6.2,208,392,0.3,7.04,54.34,54.34,Nil,0,0
Bansbari,Autumn,Dug well,Un-treated,26.7,2.1,3.31,6.8,191,351,0.1,9.03,60.63,60.63,Nil,0,0
Bansbari,Autumn,Dug well,Un-treated,27.9,3.2,2.22,7,291,138,0.1,6.04,65.31,65.31,Nil,0,0
Bansbari,Autumn,Dug well,Un-treated,28.6,2.7,4.33,6.4,201,179,0.2,11.42,56.98,56.98,Nil,0,0
Bansbari,Autumn,Dug well,Un-treated,29.4,1.9,2.12,6.4,129,208,0.1,15.32,65.25,65.25,Nil,0,0
Bansbari,Autumn,Dug well,Un-treated,28.1,6.6,5.62,6.8,221,351,1,0.44,57.36,57.36,Nil,0,0
Bansbari,Autumn,Dug well,Un-treated,26.5,3.6,2.22,8.6,221,211,3.1,3.01,61.02,61.02,Nil,0,0
Bansbari,Autumn,Dug well,Un-treated,26.7,4.3,3.87,8.6,214,391,2,0.01,65.12,65.12,Nil,0,0
Chhetrapati,Autumn,Dug well,Un-treated,26.6,2.1,1.07,8.6,183,578,2,6.04,66.19,66.19,Nil,0,0
Chhetrapati,Autumn,Dug well,Un-treated,28.4,2.2,1.02,8.6,131,85,0.3,11.93,44.98,44.98,Nil,0,0
Chhetrapati,Autumn,Dug well,Un-treated,29.1,2.5,2.01,7.3,189,161,1.3,12.11,51.61,51.61,Nil,0,0
Chhetrapati,Autumn,Dug well,Un-treated,26.7,3.2,3.02,6.5,92,95,1.4,139.52,56.98,56.98,Nil,0,0
Chhetrapati,Autumn,Dug well,Un-treated,25.8,4.1,1.01,8.6,91,542,2.1,142.51,50.12,50.12,Nil,0,0
Chhetrapati,Autumn,Dug well,Un-treated,26,2.9,3.02,8.2,1113,522,0.3,176.32,61.98,61.98,Nil,0,0
Chhetrapati,Autumn,Dug well,Un-treated,27.4,1.4,2.01,8.2,163,211,0.5,12.33,73.94,73.94,"A. proteus, P. caudatum",0,2
Chhetrapati,Autumn,Dug well,Un-treated,28.3,1.8,1.02,7.3,562,192,0.3,16.12,87.14,87.14,Nil,0,0
Chhetrapati,Autumn,Dug well,Un-treated,29.5,3.2,1.05,6.5,173,391,2,73.53,70.9,70.9,Nil,0,0
Chhetrapati,Autumn,Dug well,Un-treated,28.6,2.5,2.03,8.4,173,186,0.2,16.16,65.9,65.9,Nil,0,0
Chhetrapati,Autumn,Dug well,Un-treated,27.6,3.5,2.09,7.9,199,293,1.3,16.31,76.54,76.54,Nil,0,0
Chhetrapati,Autumn,Dug well,Un-treated,27.8,1.2,3.01,6.9,193,271,0.2,12.15,41.98,41.98,Nil,0,0
Chhetrapati,Autumn,Dug well,Un-treated,28.6,6.2,5.05,7.8,149,80,1.1,3.87,34.13,34.13,Nil,0,0
Chhetrapati,Autumn,Dug well,Un-treated,27.9,2.5,1.09,7.5,199,90,1,5.64,65.12,65.12,Nil,0,0
Chhetrapati,Autumn,Dug well,Un-treated,25.6,4.1,2.07,7.6,143,69,1.4,14.51,56.9,56.9,Giardia Iambia,1,0
